"id","production_id","user_id","star_durability","star_design","star_cost","star_delivery","comment","created_at","updated_at","option","on_hide","order_option_id","card_id","avg_star","memo","admin_check","praise_count","is_photo_hidden","has_reply","reply_writer","reply_content","reply_at"
"17766257","1038914","3557463",,,,,"노랑 포인트 인테리어로 하고싶었는데
작은 스탠드하나가 감성 추가 해주네용 ㅎㅎ
가성비 갑","2022-05-02 11:55:49.000","2022-05-15 21:13:37.000",,"false",,"15393237","5.0",,"true","1","false","false","오늘의집 집돌이",,
"17987219","1038914","2852224","3","3","5","5","사진과 동일합니다. 내구성이 튼튼해보이지는 않아요","2022-05-15 12:37:59.000","2022-05-15 12:37:59.000","소라","false","216823561","17342588","4.0",,"true","0","false","false","오늘의집 집돌이",,
"17985756","1038914","17929615","5","5","5","5","불은 약한데 디자인이 너무 예뻐요 추천합니다","2022-05-15 11:30:38.000","2022-05-15 11:30:38.000","노랑","false","223854519","17340902","5.0",,"true","0","false","false","오늘의집 집돌이",,
"17985265","1038914","2031732","4","5","4","5","너무 귀엽고 예뻐요 터치하면 빛색도 바뀌고 광량조절도 되는지 몰랐네요 다만 빛세기가 좀 낮습니다","2022-05-15 11:11:26.000","2022-05-15 11:11:26.000","노랑","false","219303291","17340353","4.5",,"true","0","false","false","오늘의집 집돌이",,
"17974936","1038914","1576738","5","5","5","5","배송도 칼배송에다가 너무 예뻐요ㅠㅠㅠ
조명 빛조절도 여러개 할수있고 가성비 갑입니당!!!
잘쓸게요❤️","2022-05-14 16:44:46.000","2022-05-14 16:44:46.000","흰색","false","223988877","17323313","5.0",,"true","0","false","false","오늘의집 집돌이",,
"17972808","1038914","17777386","5","5","5","5","너무 마음에 들어요 저렴한 가격에 잘 산거 같아요","2022-05-14 14:26:53.000","2022-05-14 14:26:53.000","노랑","false","223653468","17319771","5.0",,"true","0","false","false","오늘의집 집돌이",,
"17971480","1038914","1948696","5","5","5","5","무선이고 가성비가 좋고 이쁘고 한데 
스위치? 그게 달랑거립니다","2022-05-14 13:02:48.000","2022-05-14 13:02:48.000","노랑","false","222964574","17317879","5.0",,"true","0","false","false","오늘의집 집돌이",,
"17970294","1038914","17618814","4","4","4","4","무난해요. 불빛이 약하긴 한데 취침등으론 좋아요","2022-05-14 11:52:29.000","2022-05-14 11:52:29.000","흰색","false","222990320","17316362","4.0",,"true","0","false","false","오늘의집 집돌이",,
"17958618","1038914","6544514","5","5","5","5","친구한테 선물해줬는데 친구가 방이랑 잘 어울린다고 만족해해요","2022-05-13 16:14:49.000","2022-05-13 16:14:49.000","추가상품 - 5V 3.6A 어댑터","false","223279831","17298385","5.0",,"true","0","false","false","오늘의집 집돌이",,
"17951669","1038914","17930364","5","5","5","5","스탠드 자체도 너무 이쁘고, 
생각했던것보다 더 집 인테리어랑 잘어울려서 좋네요!
밝기도 너무 밝지 않아서 좋습니다!","2022-05-13 09:49:02.000","2022-05-13 09:49:30.000","노랑","false","223515216","17285868","5.0",,"true","0","false","false","오늘의집 집돌이",,
"17951016","1038914","15962720","4","5","5","5","너무 귀엽고 이뻐요~다만 불빛이 엄청 약해서 별 하나 뺐어요ㅎㅎ","2022-05-13 08:43:10.000","2022-05-13 08:43:10.000","노랑","false","223471547","17284678","4.75",,"true","0","false","false","오늘의집 집돌이",,
"17947729","1038914","17764644","3","5","4","5","제품은 이쁘고 무선충전형이라 좋아요
다만 박스포장이 중국에서 생산 포장상테 그대로 들어온것이라
선물로 줄수 없을 정도로 별루에요
내구성도 걱정되네요
패키지에 좀더 신경쓴다면 만족도가 훨씬 올라갈거 같아요","2022-05-12 23:06:32.000","2022-05-12 23:06:33.000","노랑","false","219792661","17179653","4.25",,"true","0","false","false","오늘의집 집돌이",,
"17900746","1038914","3105858","5","5","5","5","밤에 불끄고 폰하면 눈 아팠는데 요즘 너무 편해요! 디자인도 이뻐서 인테리어로 잘 활용하고 있습니다~^.^","2022-05-10 17:45:47.000","2022-05-12 18:49:38.000","노랑","false","219166070","17204021","5.0",,"true","0","false","false","오늘의집 집돌이",,
"17937287","1038914","2946014","3","5","5","5","노랑하고 와인 컬러 고민하다 와인했는데, 넘 이쁘네요!:)
와인보단 벽돌색에 가깝지만 오히려 차분한 느낌이라 좋습니다! 배송도 하루만에 와서 대만족!! 
내구성은 아무래도 가격면에서 생각하면 아쉽지만, 디자인도 배송도 괜찮아서 그냥 두고 쓰기엔 나쁘지 않을 것 같아요!! 그리고 조명이 주광색부분은 많이 밝지 않아서 정말 그 부분만 밝게 비춰지더라구요 ㅠㅠ 주광색 밝기가 아쉬웠습니다. 인테리어용으론 만족이에요~!^^","2022-05-12 13:15:58.000","2022-05-12 13:15:58.000","와인","false","223210456","17264712","4.5",,"true","0","false","false","오늘의집 집돌이",,
"17925107","1038914","2471293","5","5","5","5","귀여운 스탠드에요 ㅎㅎ
충전식이라 편하네요 ㅎㅎ ","2022-05-11 21:21:25.000","2022-05-11 21:21:25.000","노랑","false","223268924","17245614","5.0",,"true","0","false","false","오늘의집 집돌이",,
"17916960","1038914","10137329","4","5","4","4","상품평ㅊㅓ럼 너무.귀엽고 쨍해서 이뻐요
노랑색에 요즘 꽃혀있어서 그런지 더이쁜것같네요
근데 충전중이라고 .불빛이 깜박이지 않아 이게충전
되고있는건지 헷갈리게.해놔서.별하나   빱니다","2022-05-11 14:11:51.000","2022-05-11 14:11:51.000","노랑","false","223267788","17233161","4.25",,"true","0","false","false","오늘의집 집돌이",,
"17910943","1038914","1225331","5","5","5","5","3가지 조명 조절되는것도 좋고 일단 너무 귀여워요ㅠㅠ","2022-05-11 08:11:41.000","2022-05-11 08:11:41.000","노랑","false","223105271","17223132","5.0",,"true","0","false","false","오늘의집 집돌이",,
"17885734","1038914","3534794","5","5","5","5","친구 선물로 줬는데 맘에 든다네용 귀여워요:)","2022-05-09 18:28:00.000","2022-05-11 06:53:28.000","노랑","false","219301654","17178260","5.0",,"true","0","false","false","오늘의집 집돌이",,
"17910463","1038914","9778601","3","3","3","3","화이트…. 좀 싸보여요 ㅠㅠ 가격이 저렴해서 그런거겠죠 ㅠㅠ ","2022-05-11 06:16:39.000","2022-05-11 06:16:39.000","흰색","false","197678266",,"3.0",,"true","0","false","false","오늘의집 집돌이",,
"17880481","1038914","11057681","5","5","5","5","귀여워요 ㅎㅎ 무선도 되서 더 좋은거같아요 ㅎㅎ 
무광이였음 더 좋았겠다 싶지만 잘쓸게요!","2022-05-09 12:43:32.000","2022-05-11 04:23:54.000","흰색","false","220533223","17169966","5.0",,"true","1","false","false","오늘의집 집돌이",,
"17907297","1038914","13450584","5","5","5","5","배송도 빠르고 좋아요
약간 헤드 부분이 무거워서 쓰러질 거 같긴해요","2022-05-10 23:00:53.000","2022-05-10 23:00:53.000","흰색","false","219102875","17216289","5.0",,"true","0","false","false","오늘의집 집돌이",,
"17898866","1038914","5093029",,,,,"색감 완전 쨍하고 좋아요 불빛 조절도 가능하고 딱 예쁩니다","2022-05-10 16:00:34.000","2022-05-10 16:03:16.000",,"false",,"17200569","5.0",,"true","0","false","false","오늘의집 집돌이",,
"17898891","1038914","5093029",,,,,"색감 완전 쨍하고 좋아요 불빛 조절도 가능하고 딱 예쁩니다","2022-05-10 16:01:49.000","2022-05-10 16:01:49.000",,"false",,"17200600","5.0",,"false","0","false","false","오늘의집 집돌이",,
"17898883","1038914","5093029",,,,,"색감 완전 쨍하고 좋아요 불빛 조절도 가능하고 딱 예쁩니다","2022-05-10 16:01:28.000","2022-05-10 16:01:28.000",,"false",,"17200588","5.0",,"false","0","false","false","오늘의집 집돌이",,
"17877828","1038914","1460686","5","5","5","5","배송 진짜 빠른데요?  하루반?만에 배송 되었어요!!
가성비 좋은제품인거같아용","2022-05-09 10:35:45.000","2022-05-09 10:35:45.000","노랑","false","222618472","17165910","5.0",,"true","0","false","false","오늘의집 집돌이",,
"17877226","1038914","4275805","5","5","5","5","색상도 사진과 동일하고 너무 이뻐용 잘쓸게요^^","2022-05-09 10:05:19.000","2022-05-09 10:05:19.000","노랑","false","218429952","17078112","5.0",,"true","0","false","false","오늘의집 집돌이",,
"17877043","1038914","1493629","5","5","5","5","친구 선물로 줬는데 분위기있고 좋아요 ㅎㅎㅎ","2022-05-09 09:51:25.000","2022-05-09 09:51:25.000","노랑","false","221729537","17164974","5.0",,"true","0","false","false","오늘의집 집돌이",,
"17875843","1038914","3182214","5","5","5","5","배송늦다고해서 걱정했는데 엄청 빨리왔어요!! 가격 저렴한데 생각보다 엄청 이뻐요!! 색깔도 마음에들고 디자인도 너무 좋네용ㅎㅎ","2022-05-09 03:27:19.000","2022-05-09 03:27:19.000","노랑","false","221422914","17162135","5.0",,"true","0","false","false","오늘의집 집돌이",,
"17873849","1038914","13992315","5","5","5","4","예뻐요 요즘 유행하는 컨셉으로 딱입니다.","2022-05-08 23:18:56.000","2022-05-08 23:18:56.000","노랑","false","219227828","17159335","4.75",,"true","0","false","false","오늘의집 집돌이",,
"17869667","1038914","7161628","5","5","5","5","Gooooooooood 넘 좋아요 이쁨","2022-05-08 19:53:55.000","2022-05-08 19:54:19.000","흰색","false","222335860","17153201","5.0",,"true","0","false","false","오늘의집 집돌이",,
"17857155","1038914","11983016","5","5","5","5","리뷰에서 배송 느리다고 해서 걱정했는데 주문 후 3일째 받았어요. 약간 충전이 되어와서 바로 불 켜볼 수 있었어요. 디자인 예쁘고 무선이라 편리합니다.","2022-05-08 00:31:05.000","2022-05-08 00:31:05.000","흰색","false","222141640","17134693","5.0",,"true","0","false","false","오늘의집 집돌이",,
"17856613","1038914","11171041","5","5","5","5","배송 느리다길래 걱정했는데 이틀만에 왓어요 ㅎ 이쁘네요! ","2022-05-07 23:45:18.000","2022-05-07 23:45:18.000","흰색","false","219964233","17133967","5.0",,"true","0","false","false","오늘의집 집돌이",,
"17853717","1038914","6560692","5","5","5","5","무선이어서 편하고, 귀여워요ㅠ_ㅠ 전구색상도 터치하면 바껴요","2022-05-07 20:26:05.000","2022-05-07 20:26:05.000","흰색","false","196290340","17128511","5.0",,"true","0","false","false","오늘의집 집돌이",,
"17846197","1038914","7293409","3","4","4","4","상품은 너무 예쁜데 생각보다 불이 안밝아요 그리고 빛 나오는 판? 부분이 수평으로 안맞춰져와서 그건 좀 아쉬워요","2022-05-07 10:20:39.000","2022-05-07 10:20:39.000","흰색","false","217947687","17114957","3.75",,"true","0","false","false","오늘의집 집돌이",,
"17840500","1038914","10673142","4","4","4","4","생각보다 작습니다!
색상과 밝기도 조절되지만 젤 밝게해도 어두운 편이에요;; 충전식인게 맘에 들어요. 창가에 두었습니다.","2022-05-06 20:17:37.000","2022-05-07 07:40:36.000","노랑","false","221472958","17106418","4.0",,"true","0","false","false","오늘의집 집돌이",,
"17843007","1038914","1137984","3","5","5","5","배터리가 오래가지는 않지만 
너무너무 귀엽고 포인트 되는 조명이에요
그리고 가격이 넘 착해요","2022-05-06 23:25:00.000","2022-05-06 23:25:00.000","노랑","false","216162262","17110392","4.5",,"true","0","false","false","오늘의집 집돌이",,
"17832435","1038914","10301112","5","5","5","5","너무 큰건 싫고 작은건 빛이 약할거같아서 적당한 크기로 찾아보다가 발견했네용, 디자인도 심플하고 조명빛 종류도 3가지, 그리고 무선으로 사용할수 있는게 너무 편해요~충전기도 집에 있는거 선만 바꿔서 쓸수있어서 최고입니당ㅋㅋ","2022-05-06 11:27:13.000","2022-05-06 11:27:13.000","흰색","false","221842153",,"5.0",,"true","0","false","false","오늘의집 집돌이",,
"17829156","1038914","2445239","5","5","5","5","LED 컬러가 세가지여서 기분따라서 바꿀수있고 너무 밝지않아서 수유등으로 쓰기 좋은거같아용","2022-05-06 03:17:04.000","2022-05-06 03:17:04.000","흰색","false","218550817","17090185","5.0",,"true","0","false","false","오늘의집 집돌이",,
"17828308","1038914","10923712","5","5","5","5","이 가격에 이 퀄리티 미친 거 아닌가요,, 진짜 넘 이쁘고,,,, 도랐어요","2022-05-06 00:25:17.000","2022-05-06 00:25:17.000","소라","false","220436925","17088494","5.0",,"true","0","false","false","오늘의집 집돌이",,
"17789674","1038914","656772","5","5","5","5","쨍한 노랑이에요. 포인트 되고 귀여워요. 버튼 하나로 쉽게 밝기 조절도 되고, 조명색 조절도 되고 마음에 들어요.","2022-05-03 21:25:08.000","2022-05-06 00:11:18.000","노랑","false","221399996","17036332","5.0",,"true","1","false","false","오늘의집 집돌이",,
"17821964","1038914","821618","5","5","5","5","무선도 되고 조명 색, 밝기 조절까지 맘에들어요","2022-05-05 17:25:05.000","2022-05-05 17:25:05.000","노랑","false","215579968","17079071","5.0",,"true","0","false","false","오늘의집 집돌이",,
"17808841","1038914","11105849","5","5","5","5","가성비 좋구 편리하고 무선이라 너무 좋아요","2022-05-04 23:16:45.000","2022-05-04 23:16:45.000","흰색","false","221926437","17062738","5.0",,"true","0","false","false","오늘의집 집돌이",,
"17806981","1038914","10539864","5","5","5","5","가벼운 재질의 무드등이에요 귀여워요
충전해서 무선으로 쓰는게 더편해요","2022-05-04 21:18:39.000","2022-05-04 21:18:40.000","노랑","false","221323831","17060173","5.0",,"true","0","false","false","오늘의집 집돌이",,
"17798220","1038914","5424919","5","5","5","5","무선으로된 전구 찾다가 발견햇는데
가성비 좋은것같아요!!만족!!?","2022-05-04 11:56:28.000","2022-05-04 11:56:28.000","흰색","false","221520605","17047845","5.0",,"true","0","false","false","오늘의집 집돌이",,
"17793449","1038914","16562663","5","5","5","5","너무 좋아요ㅠㅠ 가격대비 최고에요ㅎㅎ","2022-05-04 00:27:47.000","2022-05-04 00:27:47.000","흰색","false","217962052","17041414","5.0",,"true","0","false","false","오늘의집 집돌이",,
"17791559","1038914","7795611","5","5","5","5","디자인이 심플하고 가격도 적당해서 맘에 들어요","2022-05-03 22:50:13.000","2022-05-03 22:50:13.000","플라워팟 조명 (흰색)","false","175435858","17038992","5.0",,"true","0","false","false","오늘의집 집돌이",,
"17784211","1038914","3153302","4","5","4","5","금액대비  만족합니다 
조립은  그냥그냥  힘들어요~~","2022-05-03 16:41:25.000","2022-05-03 16:41:25.000","노랑","false","221274703","17028405","4.5",,"true","0","false","false","오늘의집 집돌이",,
"17780701","1038914","15227249","3","3","3","3","작고 귀엽긴 한데, 리뷰처럼 조명이 그닥 밝진 않아요.^^; 전구 아니고 led여서 좋아요.","2022-05-03 12:48:33.000","2022-05-03 12:48:33.000","흰색","false","216885856","17023067","3.0",,"true","0","false","false","오늘의집 집돌이",,
"17311577","1038914","2232369","1","1","1","1","배송 두달 걸렸습니다 각오하시고 주문하세요","2022-04-07 14:47:48.000","2022-05-02 21:09:24.000","노랑","false","200180900","16267266","1.0",,"true","6","false","false","오늘의집 집돌이",,
"17304846","1038914","14780411","4","5","5","1","두달 걸려서 받았어요. 까먹으니까 오네요 ㅎㅎ 버튼 부분에 마감처리가 아쉬운데 긁어내니까 약간 떨어지긴 해요.. 교환 생각 사알짝 들다가 2달만에 받았는데 또..? 싶어서 그냥 씁니다 ㅎ 제품은 예뻐요.","2022-04-07 10:44:44.000","2022-05-02 18:52:56.000","노랑","false","200109411","16259239","3.75",,"true","3","false","false","오늘의집 집돌이",,
"17770445","1038914","6360046","5","5","5","5","색바뀌는 것도 너무 좋고 디자인도 너무 예뻐요","2022-05-02 16:52:36.000","2022-05-02 16:52:37.000","플라워팟 조명 (흰색)","false","183045808","17008465","5.0",,"true","0","false","false","오늘의집 집돌이",,
"17768412","1038914","17773490","4","5","5","5","집뜰이 선물로 했는데 
너무 이쁘네요 
무선이라 활용도가 좋습니다 

가격대비 정말 괜찮아요 
배송도 빨라요 

쨍한 노란 이쁘네요 ","2022-05-02 14:18:20.000","2022-05-02 14:18:20.000","노랑","false","219642066","17005443","4.75",,"true","0","false","false","오늘의집 집돌이",,
"17764128","1038914","13366420","5","5","5","5","노랑색 너무 에뻐요
무선이라 더더 조아요
조은 제품 감사합니다~~","2022-05-02 10:11:26.000","2022-05-02 10:11:26.000","노랑","false","219514670","16999997","5.0",,"true","0","false","false","오늘의집 집돌이",,
"17755246","1038914","5404407","5","5","5","5","예뻐요 칼라도 이쁨 무선이라 편하고 충전이 되있어서 아직 안해봤는데 좋아요","2022-05-01 19:10:21.000","2022-05-01 19:10:21.000","노랑","false","219604562","16987815","5.0",,"true","0","false","false","오늘의집 집돌이",,
"17751922","1038914","14707412","5","5","5","5","무선으로 사용가능한 조명 찾다가 구매했는데 디자인도 예쁘고 색깔도 포인트가 돼서 좋아요~~","2022-05-01 15:40:53.000","2022-05-01 15:40:53.000","노랑","false","216451664","16983560","5.0",,"true","0","false","false","오늘의집 집돌이",,
"17748048","1038914","4450850","4","4","4","4","살짝 마감처리가 아쉬어요 꼭지부분은 살짝 녹이 슬옸내여 속상한데 반품귀찬ㄹ아 참숩니다","2022-05-01 12:09:34.000","2022-05-01 12:09:34.000","노랑","false","219729207","16978646","4.0",,"true","0","false","false","오늘의집 집돌이",,
"17747207","1038914","17697102","4","4","4","5","디자인,색상다맘에들고어디에둬도색상이예쁘서잘어울려서기분짱애옹~^^~","2022-05-01 11:37:59.000","2022-05-01 11:38:00.000","연분홍","false","220815001","16887314","4.25",,"true","0","false","false","오늘의집 집돌이",,
"17746208","1038914","16853442","4","5","3","5","스텐드 유선은 예쁜게 많은데 무선은 많이 없다라구요
다른분들 말씀대로 그닥 밝지 않지만
만족 합니다","2022-05-01 11:03:49.000","2022-05-01 11:03:49.000","흰색","false","219959456","16976417","4.25",,"true","0","false","false","오늘의집 집돌이",,
"17743820","1038914","11361017","3","3","3","3","너무 이뻐요 집에 포인트로 좋네요..","2022-05-01 07:27:26.000","2022-05-01 07:27:26.000","노랑","false","218793276",,"3.0",,"true","0","false","false","오늘의집 집돌이",,
"17743549","1038914","17191214","4","5","5","5","불이 좀 어두운 편인데요 
그냥 작은 무드등이면 되어서 상관없이 쓰고 있어요
일단 귀엽긴 너무 귀엽습니다","2022-05-01 04:47:42.000","2022-05-01 04:47:42.000","노랑","false","218123000","16973480","4.75",,"true","0","false","false","오늘의집 집돌이",,
"17742646","1038914","3347717","5","5","5","5","선물하려고 구매했는데 넘 이뻐요
배송도 바로 진행되서 기다리지도 않고 안심했네요
매우 마음에 듭니다ㅎㅎ","2022-05-01 01:14:40.000","2022-05-01 01:14:40.000","흰색","false","219805072","16972247","5.0",,"true","0","false","false","오늘의집 집돌이",,
"17740657","1038914","5567362","2","4","4","5","싼게 비지떡
스크래치로 인한 벗겨짐인지 아님 뭐가 묻은건지
받고 썩 기분은 안좋네요","2022-04-30 22:42:01.000","2022-04-30 22:42:01.000","노랑","false","220941055","16968791","3.75",,"true","0","false","false","오늘의집 집돌이",,
"17738220","1038914","7892401","4","5","5","5","배송은 다른 상품들이랑 비슷하게 왔어요 스크래치가 살짝있지만 가격이 저렴하니 그냥 쓰려구요","2022-04-30 20:12:11.000","2022-04-30 20:12:11.000","노랑","false","220595341","16963167","4.75",,"true","0","false","false","오늘의집 집돌이",,
"17736591","1038914","11367850","5","5","5","5","너무 이뻐요 ㅎㅎ 활용도도 좋고 맘에들어요","2022-04-30 18:23:37.000","2022-04-30 18:23:37.000","노랑","false","220574165","16959479","5.0",,"true","0","false","false","오늘의집 집돌이",,
"17733641","1038914","2204015","5","5","5","5","배송도빠르고 이쁘고 불빛도 삼단조절되고 너무조아용👍","2022-04-30 15:07:02.000","2022-04-30 15:07:03.000","연분홍","false","220022804",,"5.0",,"true","0","false","false","오늘의집 집돌이",,
"17733503","1038914","15474431","4","5","5","5","아이 침대방에 놔줬는데 잠자기전  켜두기 좋아요.","2022-04-30 14:56:38.000","2022-04-30 14:56:38.000","노랑","false","219719709","16953710","4.75",,"true","0","false","false","오늘의집 집돌이",,
"17729704","1038914","9331565","4","5","3","5","생각보다 가볍고 색도 예뻐요 배송이 빨라서 좋앗어영","2022-04-30 11:21:15.000","2022-04-30 11:21:15.000","노랑","false","219084543","16948245","4.25",,"true","0","false","false","오늘의집 집돌이",,
"17716586","1038914","3423584","5","5","5","5","예뻐요ㅎㅎ 아직 사용전 인대 마음에 들어오","2022-04-29 13:47:33.000","2022-04-29 13:47:33.000","노랑","false","220973915","16923271","5.0",,"true","0","false","false","오늘의집 집돌이",,
"17705233","1038914","12601292","5","5","5","5","노랑 노랑 색깔 너무 이뻐요  인테리어로도 딱이예요","2022-04-28 21:19:48.000","2022-04-28 21:19:48.000","노랑","false","218134816","16905490","5.0",,"true","0","false","false","오늘의집 집돌이",,
"17702519","1038914","3969543","5","5","5","5","배송 빨라요~~~! 
조명 색도 여러가지라 가성비 굿!","2022-04-28 18:46:11.000","2022-04-28 18:46:11.000","추가상품 - 5V 3.6A 어댑터","false","220445828",,"5.0",,"true","0","false","false","오늘의집 집돌이",,
"17693328","1038914","9054343","5","5","4","5","색상은 화면에서 본것과 같이 머스타드색이구요. 선명하니 이뻐요. 전원 온오프 터치도 잘 됩니다.  근데 스크레치가 곳곳에보여 아쉽네요. 눈에 거슬리는 정도는 아니라 그냥 사용하려구요...","2022-04-28 11:07:56.000","2022-04-28 11:07:56.000","노랑","false","220160045","16885224","4.75",,"true","0","false","false","오늘의집 집돌이",,
"17682657","1038914","4821614","5","5","5","5","배송이 오래걸릴 줄 알았는데 진짜 금방왔어요; 색도 예쁘고 조아요","2022-04-27 19:09:19.000","2022-04-27 19:09:19.000","노랑","false","220448408","16867979","5.0",,"true","0","false","false","오늘의집 집돌이",,
"17673039","1038914","3228049","5","5","5","3","너무너무 이쁜데 불이 켜진채로왔어요...ㅜㅜ","2022-04-27 09:44:29.000","2022-04-27 09:44:29.000","노랑","false","219680504","16850383","4.5",,"true","0","false","false","오늘의집 집돌이",,
"17665630","1038914","10398138","3","5","4","4","디자인이쁜데 빛이 너무 안밝네요 책읽을때 쓸랬는데 내구성은 별로인듯","2022-04-26 21:17:03.000","2022-04-26 21:17:03.000","노랑","false","219801878","16839107","4.0",,"true","0","false","false","오늘의집 집돌이",,
"17659778","1038914","14249175","3","4","4","5","배송은 하루만에 도착했어요.
금액대의 퀄리티네요.","2022-04-26 15:12:47.000","2022-04-26 15:12:47.000","노랑","false","220249967","16828966","4.0",,"true","0","false","false","오늘의집 집돌이",,
"17658317","1038914","5937461","5","5","5","5","충전식이라 선 없이 사용 가능해 더 좋아요
","2022-04-26 13:33:37.000","2022-04-26 13:33:37.000","노랑","false","217006598","16826209","5.0",,"true","0","false","false","오늘의집 집돌이",,
"17647202","1038914","4283531","3","5","5","5","이뻐요!
딸아이가 엄청 좋아하네요
충전 후 5시간밖에 안가서 좀 아쉬워요","2022-04-25 17:16:18.000","2022-04-25 17:16:18.000","노랑","false","219486390",,"4.5",,"true","0","false","false","오늘의집 집돌이",,
"17645313","1038914","8483406","5","5","2","3","전등 하나 놓았는데 침실 분위기 달라져요 ~ 
충전해서 올려 놓으니까 지저분한 전선 안 보여서 좋습니다","2022-04-25 14:58:44.000","2022-04-25 14:58:44.000","추가상품 - 5V 3.6A 어댑터","false","218744270","16802891","3.75",,"true","0","false","false","오늘의집 집돌이",,
"17634313","1038914","6104384","5","5","5","5","귀엽고 예뻐요 조명도 3단계로 있어서 좋아요 ","2022-04-24 21:13:04.000","2022-04-24 21:13:04.000","노랑","false","216709362","16787458","5.0",,"true","0","false","false","오늘의집 집돌이",,
"17632738","1038914","16577282","3","5","5","5","배송 엄청 빨리왔어요! 
넘 이뻐요
생각보다 크지만 딱좋아요","2022-04-24 19:35:19.000","2022-04-24 19:35:19.000","흰색","false","219669803","16785266","4.5",,"true","0","false","false","오늘의집 집돌이",,
"17583782","1038914","3594843","4","5","5","5","디자인도 이쁘고, 배송도 빨리 왔어요.
버튼 옆이 살짝 벗겨져서 아쉽워요.","2022-04-21 21:39:34.000","2022-04-24 13:25:05.000","흰색","false","219285531",,"4.75",,"true","0","false","false","오늘의집 집돌이",,
"17624028","1038914","17697102","5","4","4","4","색상,크기,디자인생각했던거만큼심플하고예쁘고만족스럽고기분좋았어요~^^","2022-04-24 11:05:07.000","2022-04-24 11:05:07.000","노랑","false","217821523","16772165","4.25",,"true","0","false","false","오늘의집 집돌이",,
"17620275","1038914","3786333","5","5","5","5","아이방 수면등으로 쓰고있어요. 충전식이라 편하고이뻐요","2022-04-24 00:55:00.000","2022-04-24 00:55:00.000","흰색","false","206838029","16766248","5.0",,"true","0","false","false","오늘의집 집돌이",,
"17607763","1038914","11779743","5","5","5","5","디자인도 예쁘구 조명도 여러가지 나오구 넘예뻐요!","2022-04-23 11:28:23.000","2022-04-23 11:28:23.000","흰색","false","218362000","16749037","5.0",,"true","0","false","false","오늘의집 집돌이",,
"17603278","1038914","1261382","5","5","5","5","배송 늦을 거 각오하고 시켰는데 24시간도 안돼서 왔어요…! 너무너무 귀여워요 ㅜㅜㅜㅜ 색도 딱 취저입니다… 충분히 밝지는 않디만 그래도 은은하게 밝아서 좋아요 포터블인 것도 맘에 들어요 전선이 밖에 안나와있어듀 돼서 깔끔합니다 ","2022-04-22 23:53:55.000","2022-04-22 23:53:55.000","노랑","false","219484740","16741844","5.0",,"true","0","false","false","오늘의집 집돌이",,
"17598931","1038914","5540683","3","5","4","5","예뻐요ㆍ불빛약해 그냥 장식처럼 놔두네요 ㆍ쨍한게 예뻐요","2022-04-22 18:59:12.000","2022-04-22 18:59:12.000","노랑","false","216092146",,"4.25",,"true","0","false","false","오늘의집 집돌이",,
"17598855","1038914","17641812","5","5","5","5","진짜 너무너무 예뻐요 색감도 파스텔 색이라 예쁘고 조명도 3가지 컬러라 유용하게 쓰일거같아요 많이파세용👍🏻","2022-04-22 18:53:18.000","2022-04-22 18:53:18.000","연분홍","false","218379636","16695476","5.0",,"true","0","false","false","오늘의집 집돌이",,
"17598381","1038914","13201510","5","5","5","5","회이트에 어울리는 색깔이네요 전등도 밝고 무드등도 잇고 이뻐요","2022-04-22 18:09:24.000","2022-04-22 18:09:24.000","노랑","false","216552431","16733838","5.0",,"true","0","false","false","오늘의집 집돌이",,
"17594293","1038914","7573304","5","5","5","5","예뻐요 생각 보다 묵직? 하고 튼튼하고
불빛은 좀 약한데 인테리어 목적으로 산거라서 크게 신경은 안쓰는 부분 이에요
흰색 포인트 되고 예쁘네요
가성비 좋은거 같아요
빨리 고장만 안나길 바래야 겠네용","2022-04-22 13:28:55.000","2022-04-22 13:28:55.000","흰색","false","219329556","16726563","5.0",,"true","0","false","false","오늘의집 집돌이",,
"17588254","1038914","689639","5","5","5","5","화이트  풀리자마자 겟
역시 너무 이쁘고 불 조절가능해서 좋아요","2022-04-22 03:12:24.000","2022-04-22 03:12:24.000","흰색","false","215348239","16718170","5.0",,"true","0","false","false","오늘의집 집돌이",,
"17579198","1038914","5984434","5","5","5","5","너무 맘에들고 예쁘네요~ 선물용으로도 좋아요","2022-04-21 17:27:26.000","2022-04-21 17:27:26.000","노랑","false","218850737",,"5.0",,"true","0","false","false","오늘의집 집돌이",,
"17571230","1038914","9771809","5","5","5","5","너무너무 이뻐요 잘땨도 쓰기 좋고 많이 안밝아사 좋아여","2022-04-21 10:42:24.000","2022-04-21 15:02:22.000","노랑","false","218514277","16687938","5.0",,"true","0","false","true","오늘의집 고객센터","안녕하세요. 오늘의집 고객센터 입니다.
고객님이 작성한 리뷰에 등록된 사진은 [직접 촬영하지 않은 이미지]로 확인되어 블라인드 처리되었습니다.
리뷰 사진을 제외한 리뷰 작성 내용은 그대로 반영되오니 참고 부탁드립니다.
(사유 : 캡쳐한 이미지, 실제 상품과 다름)

[리뷰 수정 방법]
1) 오늘의집 홈페이지 접속 (PC WEB만 가능)
2) 우측 상단 프로필 클릭
3) [마이페이지- 나의 리뷰 - 내가 작성한 리뷰]에서 직접 수정이 가능합니다.
│리뷰 수정 바로 가기(https://ohou.se/production_reviews)

직접 촬영한 이미지로 수정하시면 블라인드 해제가 가능합니다.
해제를 원하는 경우, 이미지 직접 수정 후 댓글을 통해 @오늘의집을 태그하여 댓글을 남겨 주시면
담당자의 확인 과정을 거쳐 블라인드 해제를 진행 하겠습니다.


블라인드 게시물은 [PC web -마이페이지]를 통해 확인 가능하며, 추가 문의 사항 있으실 경우
댓글을 통해 @오늘의집을 태그하시거나, 오늘의집 (cs@bucketplace.net)
앞으로 문의하시면 최대한 신속히 도움드리겠습니다.

감사합니다.","2022-04-21 15:02:22.000"
"17576561","1038914","10429301","5","5","5","5","노랑이를 좋아하는 저는 너무 만족해요 ㅎㅎ","2022-04-21 14:38:34.000","2022-04-21 14:38:34.000","노랑","false","217990982","16695517","5.0",,"true","0","false","false","오늘의집 집돌이",,
"17562366","1038914","2415836","4","5","5","5","버튼터치식이라 너무 편해요 배송도튼튼하게 잘되서왓어요 가성비에인테리어까지 좋아요","2022-04-20 20:03:25.000","2022-04-20 20:03:26.000","검정","false","216382196","16672560","4.75",,"true","0","false","false","오늘의집 집돌이",,
"17559617","1038914","12041698","5","5","5","5","배송도 빠르고 노랑색이라 그런지 포인트도 되고 귀여워요","2022-04-20 17:16:03.000","2022-04-20 17:16:03.000","노랑","false","218982604","16666541","5.0",,"true","0","false","false","오늘의집 집돌이",,
"17545610","1038914","12571555","5","5","5","5","새벽에 주문하고 그날 배송 출발해서 그다음날 도착했어요!! 
노란색 좋아하는데 진짜 너무 예뻐요 ㅜㅜ 많이 파세용","2022-04-19 21:57:11.000","2022-04-19 21:57:11.000","노랑","false","218626829","16641484","5.0",,"true","0","false","false","오늘의집 집돌이",,
"17539290","1038914","17629081","5","5","5","5","아이방침대옆에 두려구 구매했어요
요즘 유행하는스타일 전등 맘에든다구 하네요","2022-04-19 16:17:40.000","2022-04-19 16:17:40.000","노랑","false","218321147","16630185","5.0",,"true","0","false","false","오늘의집 집돌이",,
"15693967","1038914","5808457","1","5","4","4","무선등을 찾던중 가격이 괜찮고 디자인 예뻐서 구매 했는데 내구성은 최악인 느낌^^;; 35000원이 세일가라지만 이가격마저도 너무 비싼 느낌이 들긴 합니다; 저는 도장 이런게 중요한게 아니고 일단 스탠드대가 엄청 흔들리네요^^  놓았을때 딱 안정감이 없고 흔들흔들^^ 어차피 아이가 잠든 밤에 어두운 거실식탁 위에 놓고 킬 거라;; 디자인이 예쁜건 사실이라 그냥 그맛에 쓰렵니다^^;;","2022-01-26 10:17:27.000","2022-04-19 16:04:52.000","노랑","false","195294200","14541204","3.5",,"true","5","false","false","오늘의집 집돌이",,
"17529207","1038914","9652062","5","5","5","5","친구 이사선물해줬눈데
너무너무 좋아해요~~~ ㅎㅎ
","2022-04-18 21:32:30.000","2022-04-18 21:32:30.000","노랑","false","216817234",,"5.0",,"true","0","false","false","오늘의집 집돌이",,
"17519178","1038914","2480849","5","5","5","5","괜찮은데요..충전 중입니다..불 색깔이 노란지 알았는데 하얍니다..","2022-04-18 10:29:27.000","2022-04-18 10:29:27.000","연분홍","false","218159493","16591916","5.0",,"true","0","false","false","오늘의집 집돌이",,
"17518660","1038914","3583993","5","5","3","3","어디에 둬도 스며들듯 어울리네요 파스텔톤이라 더 이쁘고 불도 여러가지로 조절되고 맘에 쏙 듭니다 ","2022-04-18 10:05:14.000","2022-04-18 10:05:14.000","연분홍","false","217721252",,"4.0",,"true","0","false","false","오늘의집 집돌이",,
"17514612","1038914","10402235","4","5","4","5","상품 검수를 안하고 보내신것 같아요
이렇게 눈에 띄게 하자가 있는데도 보내네요.. ㅠ
반품 귀찮아서 그냥 쓰긴 한다만,, 좀 심한것 같아요
디자인은 귀여워요 ~","2022-04-17 23:23:09.000","2022-04-17 23:23:10.000","노랑","false","217057100","16586044","4.5",,"true","0","false","false","오늘의집 집돌이",,
"17505675","1038914","2317293","4","4","4","5","음 생각보다 엄청 작고요 생각보다 안밝아요 거실에 두거 쓸라햣는데 너무 안밝아서 침실등으로 쓸라거 용도변경 ㅜㅜ  이뿌긴합니당 배송은 엄청나게 빨랐어요","2022-04-17 15:16:16.000","2022-04-17 15:16:16.000","노랑","false","218110923","16571519","4.25",,"true","0","false","false","오늘의집 집돌이",,
"17504181","1038914","17044666","4","5","3","5","디자인 예뻐요 협탁에 두고 무드등 겸 책읽을 때 쓰는 용도로 사용하려 샀는데, 조명이 그렇게 밝지 않아서 책은 못읽을 것 같아요ㅜ 예쁘니까 잘 써보려구요","2022-04-17 13:39:53.000","2022-04-17 13:39:53.000","흰색","false","218201904","16569563","4.25",,"true","0","false","false","오늘의집 집돌이",,
"17502289","1038914","8864667","5","5","5","5","사진이랑 똑같아요~~ 무선이라 무척 편하네요.","2022-04-17 12:03:51.000","2022-04-17 12:03:51.000","노랑","false","216501493","16566571","5.0",,"true","0","false","false","오늘의집 집돌이",,
"17498842","1038914","1309476","4","5","5","5","튼튼해보이진 않지만 배송 빠르고 잘 도착했어요~ 작지만 켜두니 은은하네요","2022-04-17 09:10:48.000","2022-04-17 09:10:48.000","노랑","false","218158357","16561556","4.75",,"true","0","false","false","오늘의집 집돌이",,
"17496922","1038914","12474109","5","5","5","5","색감이 너무 예쁘고 마감이 완벽하진 않지만 만족해요.","2022-04-17 00:42:21.000","2022-04-17 00:42:21.000","노랑","false","218124097","16559118","5.0",,"true","0","false","false","오늘의집 집돌이",,
"17492439","1038914","2072947","5","5","5","5","너무 예쁘고 화사하고ㅠㅠ 박스 뜯자마자 와!! 했어요ㅎㅎ 실물 색 정말 예쁘고 빛은 은은해서 테이블에 두기 딱 좋아요. 대만족 중입니다!!","2022-04-16 19:55:18.000","2022-04-16 19:55:18.000","노랑","false","218115373","16550128","5.0",,"true","0","false","false","오늘의집 집돌이",,
"17489594","1038914","13102272","5","5","5","5","디자인이 귀여워요 크기도 적당해서 무드등으로 쓰기 좋습니다","2022-04-16 16:40:22.000","2022-04-16 16:40:22.000","연분홍","false","189659887","16544611","5.0",,"true","0","false","false","오늘의집 집돌이",,
"17488675","1038914","12266895","4","5","5","4","배송도 빠르고 너뮤 기엽네요 ! 포인트 주기 좋아요 !","2022-04-16 15:39:01.000","2022-04-16 15:39:01.000","추가상품 - 5V 3.6A 어댑터","false","218002805","16543276","4.5",,"true","0","false","false","오늘의집 집돌이",,
"17488616","1038914","4539708","5","5","5","5","당일배송에 너무 좋았어요! 리뷰에 오래걸린다고했는데 ㅎㅎ 아주 만족스럽습니다~~","2022-04-16 15:35:01.000","2022-04-16 15:35:01.000","흰색","false","218150505","16543201","5.0",,"true","0","false","false","오늘의집 집돌이",,
"17485400","1038914","753768","5","5","4","5","색상이 너무 예쁘고 견고한거같아요 맘에들어요!","2022-04-16 12:33:54.000","2022-04-16 12:33:54.000","노랑","false","217809321","16537968","4.75",,"true","0","false","false","오늘의집 집돌이",,
"17475317","1038914","3290821","3","5","3","5","버섯머리 같고 귀여워요. 가격은 싸니까 내구성은 안좋아도 이뻐요","2022-04-15 20:00:09.000","2022-04-15 20:00:09.000","소라","false","218014961","16524372","4.0",,"true","0","false","false","오늘의집 집돌이",,
"17356731","1038914","2859104","5","5","5","5","너무이쁘더라고요 색감 넘좋고~~~~~","2022-04-09 20:15:59.000","2022-04-15 17:50:52.000","노랑","false","216388189","16338899","5.0",,"true","0","false","false","오늘의집 집돌이",,
"17470531","1038914","17635215","5","5","5","5","색이 이쁘게 빠져서 포인트로 쓰기 좋아요.
","2022-04-15 14:47:39.000","2022-04-15 14:47:39.000","노랑","false","216746509","16515589","5.0",,"true","0","false","false","오늘의집 집돌이",,
"17466679","1038914","7666422","3","5","4","5","포인트로 너무 이뻐요 배송도 빨라요 흠집이 좀있고  그렇긴한데 밝기 버튼 다 맘에들어요~!","2022-04-15 11:40:46.000","2022-04-15 11:40:46.000","노랑","false","217545091","16510236","4.25",,"true","0","false","false","오늘의집 집돌이",,
"17464489","1038914","1288377","3","5","4","4","조명 하나로 유니크하고 분위기가 살아요~ 
좋은 가격에 잘 산거 같아 기분 좋아요","2022-04-15 10:07:17.000","2022-04-15 10:07:17.000","노랑","false","217631453","16507312","4.0",,"true","0","false","false","오늘의집 집돌이",,
"17462431","1038914","4860450","5","5","5","5","디자인이며 배송이며 너무 만족해요 ㅠㅠㅠ 방 분위기가 확 사네요!!","2022-04-15 02:14:03.000","2022-04-15 02:14:03.000","노랑","false","217786517","16504869","5.0",,"true","0","false","false","오늘의집 집돌이",,
"17424043","1038914","6832700","3","3","3","3","약하다 해서 걱정했는데 생각보다 가성비 좋고 디자인 예뻐요 불빛은 취침등으로만 사용해야 할 것 같아요~ 노랑색으로 샀는데 포인트 되어서 만족하고 크기도 너무 크지않고 적당해서 좋아요 무엇보다 충전식이라 너무 편하네요","2022-04-13 12:13:30.000","2022-04-13 12:13:30.000","추가상품 - 5V 3.6A 어댑터","false","217070413",,"3.0",,"true","0","false","false","오늘의집 집돌이",,
"17289101","1038914","4412913","4","5","5","5","조명이 가성비로 좋게 나온건 사실이지만 내구성 부분에서 약간 아쉬움이 있네요 ㅠㅠ ","2022-04-06 15:53:51.000","2022-04-13 07:43:35.000","노랑","false","215629037","16236585","4.75",,"true","1","false","false","오늘의집 집돌이",,
"17394515","1038914","3316221","5","5","5","5","노란색이예쁘고 상쿰해요! 배송도빨랐어요","2022-04-11 20:34:27.000","2022-04-12 09:47:59.000","노랑","false","216424661","16395297","5.0",,"true","0","false","false","오늘의집 집돌이",,
"17395930","1038914","1314356","4","5","5","5","포인트 인테리어 하기 너무 좋아요 무선이라 편리하고요!","2022-04-11 21:53:37.000","2022-04-11 21:53:37.000","노랑","false","216127151","16397667","4.75",,"true","0","false","false","오늘의집 집돌이",,
"17385408","1038914","13282552","5","5","5","5","요즘 유행이라 구매했는데, 가격도 좋고 디자인드 좋네요 !","2022-04-11 11:18:50.000","2022-04-11 11:18:50.000","추가상품 - 5V 3.6A 어댑터","false","216684633",,"5.0",,"true","0","false","false","오늘의집 집돌이",,
"17358541","1038914","2300729",,,,,"너무 예뻐요:) 노랑이랑 흰색이랑 고민했는데 노랑 하길 잘했다고 생각해요!","2022-04-09 21:58:38.000","2022-04-11 08:59:03.000",,"false",,"16341362","5.0",,"true","0","false","false","오늘의집 집돌이",,
"17370397","1038914","9261520","5","5","5","5","색감도 디자인도 가격도 다 맘에 듭니다^^","2022-04-10 15:18:10.000","2022-04-11 08:23:48.000","노랑","false","215610857","16355671","5.0",,"true","1","false","false","오늘의집 집돌이",,
"17358714","1038914","4735995","5","5","5","5","노란색이 선명해서 너무 예쁘고 선없는게 깔끔해보여서 만족스러워요:) 배송도 이틀만에 ","2022-04-09 22:08:57.000","2022-04-09 22:08:57.000","노랑","false","216538652","16341621","5.0",,"true","0","false","false","오늘의집 집돌이",,
"17356540","1038914","13062545","5","5","5","5","노랑과 소라 색상 고민하다 소라 주문했는데
색상이 너무 예뻐요 
조명 하나로 집안이 화사해졌네요 ","2022-04-09 20:06:25.000","2022-04-09 20:06:25.000","소라","false","216645598","16338556","5.0",,"true","0","false","false","오늘의집 집돌이",,
"17355651","1038914","5529232","5","5","5","5","디자인도 예쁘고 가격 대비 내구성도 좋아보여요. 빠른 배송 감사합니다 잘 쓸게요~","2022-04-09 19:03:47.000","2022-04-09 19:03:47.000","노랑","false","216056906","16337155","5.0",,"true","0","false","false","오늘의집 집돌이",,
"17341124","1038914","13297152","4","5","4","5","디자인은 예쁘나
밝기는 약하네요,, 좀 아쉬운 부분","2022-04-08 22:59:59.000","2022-04-08 22:59:59.000","흰색","false","216382734","16315020","4.5",,"true","0","false","false","오늘의집 집돌이",,
"17334882","1038914","7957016","4","5","5","5","완벽한박스포장이 상품가치 업~
조명교환안된다는것이 좀…
많이 작지만 침실등으로는 적당합니다","2022-04-08 16:23:08.000","2022-04-08 16:24:31.000","노랑","false","216462068","16304466","4.75",,"true","0","false","false","오늘의집 집돌이",,
"17329063","1038914","16663522","5","5","5","5","색상이 너무 이뻐요 쨍한 노랑입니다~!","2022-04-08 11:35:54.000","2022-04-08 11:37:33.000","노랑","false","216019923","16295445","5.0",,"true","0","false","false","오늘의집 집돌이",,
"17328366","1038914","5371220","5","5","5","5","굿굿배송도빠르고좋아요
기다리길 잘햇네용이쁨","2022-04-08 11:10:53.000","2022-04-08 11:10:53.000","노랑","false","215565037",,"5.0",,"true","0","false","false","오늘의집 집돌이",,
"17324341","1038914","8714142","3","3","5","4","색깔도 예쁘고 맘에들어요 카페 인테리어 하기에 좋아요","2022-04-08 01:44:16.000","2022-04-08 01:44:16.000","소라","false","215530940","16289397","3.75",,"true","0","false","false","오늘의집 집돌이",,
"17309978","1038914","3441388","5","5","5","5","만족합니다 이뻐요ㅎ 밝기도 딱 생각했던대로 입니다!","2022-04-07 13:34:36.000","2022-04-07 13:34:36.000","노랑","false","216009256",,"5.0",,"true","0","false","false","오늘의집 집돌이",,
"16243195","1038914","5790051","4","5","5","5","귀여워요ㅎㅎㅎ 불빛유형도 3가지있고 밝기도 조절됩니다. 조명크기가 큰편은 아니라 주변이 엄청 환해지진 않아요","2022-02-20 03:51:53.000","2022-04-07 10:57:33.000","흰색","false","194987511","15059267","4.75",,"true","2","false","false","오늘의집 집돌이",,
"17279745","1038914","6869104","5","5","5","5","제가 비쳐서 가렸습니다! 포인트되고 이뻐요!","2022-04-06 02:04:07.000","2022-04-06 02:04:07.000","노랑","false","215641260","16221550","5.0",,"true","0","false","false","오늘의집 집돌이",,
"17186107","1038914","8782533",,,,,"디자인도 마음에 들어요 잘쓰고있습니다 거실 분위기가 살아요","2022-04-01 12:49:46.000","2022-04-05 20:22:48.000",,"false",,"15301719","5.0",,"true","1","false","false","오늘의집 집돌이",,
"17271967","1038914","13306143","5","5","5","5","딱 취침등 용으로만 가능해요~ 밝기가 어두움.ㅠ","2022-04-05 20:18:43.000","2022-04-05 20:18:43.000","노랑","false","215705253","16209644","5.0",,"true","0","false","false","오늘의집 집돌이",,
"17269938","1038914","3862108","3","5","3","5","올화이트인 집에 노랑포인트로 두니 넘 기여워요","2022-04-05 18:47:25.000","2022-04-05 18:47:25.000","노랑","false","215422100",,"4.0",,"true","0","false","false","오늘의집 집돌이",,
"17210859","1038914","10513503","5","5","5","5","인테리어 소품으로 딱이에여!
첨에 불량와서 문의했더니 빠른교환해주셨어요
포장이 그대로 있어야(상자.스티로품) 교환가능하니 몇일 사용해보고 버리세여!!","2022-04-02 16:10:49.000","2022-04-02 16:10:49.000","와인","false","195936766","16121814","5.0",,"true","0","false","false","오늘의집 집돌이",,
"17072026","1038914","809571","5","5","5","5","무선이라 좋은거 같아요 
ㅋㅋㅋㅋㅋㅋㅋㅋ","2022-03-27 10:09:54.000","2022-03-27 10:09:54.000","흰색","false","194000401","15940633","5.0",,"true","0","false","false","오늘의집 집돌이",,
"16959926","1038914","3562075","5","5","5","5","충전해서 무선식으로 사용가능해서
좋고 가성비 넘 좋아요!!!! 짱만족","2022-03-22 12:52:11.000","2022-03-22 12:52:11.000","흰색","false","200974773","15812783","5.0",,"true","0","false","false","오늘의집 집돌이",,
"16949964","1038914","15609356","5","5","5","5","귀여워요 사진으로 나온 그대로 색도 그렇고 똑같아요","2022-03-21 20:54:19.000","2022-03-21 20:54:19.000","노랑","false","194200704","15801082","5.0",,"true","0","false","false","오늘의집 집돌이",,
"16912316","1038914","1535636","5","5","5","5","색깔너무이쁘구 매우 만족스러워요ㅎㅎㅎ","2022-03-19 23:22:25.000","2022-03-19 23:22:25.000","노랑","false","194436367","15757289","5.0",,"true","0","false","false","오늘의집 집돌이",,
"16850981","1038914","17340225","5","5","5","5","너무 맘에들어요 이쁘고 튼실하고 하나 아쉬운점은 충전기가 너무 짧아 ㅠ","2022-03-17 07:08:06.000","2022-03-17 07:08:06.000","와인","false","208871364","15675050","5.0",,"true","0","false","false","오늘의집 집돌이",,
"16758361","1038914","2037889","5","5","5","5","가성비 정말 좋아요 은은하게 취침등으로 좋습니다","2022-03-13 10:18:41.000","2022-03-13 10:18:41.000","흰색","false","204788415","15562800","5.0",,"true","0","false","false","오늘의집 집돌이",,
"16714615","1038914","13635827","5","5","4","5","디자인도 예쁘고 무선에다가 모드,밝기 조절까지 되다니
정말 사길 잘한 것같아요.!무드등은 거의 선연결해야해서 위치도 위치고 보기에도 지저분했더든요..ㅠ 노란색사고 싶었지만 오히려 제 방엔 흰색이 더 깔끔한 것같네요 너무너무너무 만족합니다!!!","2022-03-11 12:49:51.000","2022-03-11 12:49:51.000","흰색","false","206882177","15520342","4.75",,"true","0","false","false","오늘의집 집돌이",,
"16709326","1038914","11857302","4","5","5","5","디자인이나 가격은 좋은데 충전을 자주해야 하네요","2022-03-11 02:54:17.000","2022-03-11 02:54:17.000","흰색","false","195867801","15516151","4.75",,"true","0","false","false","오늘의집 집돌이",,
"16689015","1038914","9690130","5","3","5","5","색깔이 진한 벽돌색이라고 하면 맞을 것 같아요 ㅎㅎ
예뻐요! 가격대비 진짜 짱!","2022-03-10 10:46:37.000","2022-03-10 10:46:37.000","와인","false","206599938","15494833","4.5",,"true","0","false","false","오늘의집 집돌이",,
"16660453","1038914","3472468","3","3","3","5","조명 하나로 분위기가 달라졌어요~~~","2022-03-08 23:12:51.000","2022-03-08 23:12:51.000","와인","false","208509006",,"3.5",,"true","0","false","false","오늘의집 집돌이",,
"16645992","1038914","6708713","5","5","5","5","오늘의딜에서 특가하길래 부랴부랴 주문했네요 득템!! 너무 귀여워요","2022-03-08 13:27:18.000","2022-03-08 13:27:18.000","노랑","false","195011378",,"5.0",,"true","0","false","false","오늘의집 집돌이",,
"16412073","1038914","7757832","3","5","3","5","색이 3가지었네용 편하기 쓰기 좋을 것 같아요 깔끔합니다!","2022-02-26 13:35:40.000","2022-03-06 19:13:49.000","흰색","false","204519562","15219095","4.0",,"true","0","false","false","오늘의집 집돌이",,
"16607681","1038914","6382496","5","5","5","5","배송도 빠르고 귀엽고 인테리어 효과도 좋아요~!","2022-03-06 17:40:21.000","2022-03-06 17:48:28.000","노랑","false","195091323","15411501","5.0",,"true","0","false","false","오늘의집 집돌이",,
"16601546","1038914","4496009","5","5","5","5","색감도 예쁘고 사용하기 편하고 좋아요 무선이라","2022-03-06 13:22:41.000","2022-03-06 13:22:41.000","노랑","false","195192697","15404951","5.0",,"true","0","false","false","오늘의집 집돌이",,
"16593255","1038914","11094838","5","5","5","5","깔끔하니 이뻐요 조명도 선택할수있고 만족스러워요","2022-03-06 01:06:30.000","2022-03-06 01:06:30.000","흰색","false","200222770","15398223","5.0",,"true","0","false","false","오늘의집 집돌이",,
"16592882","1038914","3573773","5","5","5","5","이주좋습니다 재구매 할까해요 ㅎㅎ사진과같아요ㅇ","2022-03-06 00:44:42.000","2022-03-06 00:44:42.000","와인","false","207228432","15397951","5.0",,"true","0","false","false","오늘의집 집돌이",,
"16576166","1038914","9982195","5","5","5","5","배송도 꼼꼼히 왔고, 디자인 너무 맘에 드네요 
3가지 다른 색상으로 조명 빛 바꿀 수 있는 부분과 
연결선 없이 무선으로 사용할 수 있는점이 너무 좋아요 
대만족 입니다^^","2022-03-05 13:53:32.000","2022-03-05 13:54:19.000","흰색","false","205921939","15382983","5.0",,"true","0","false","false","오늘의집 집돌이",,
"16569704","1038914","14030777","5","5","5","5","충전이 필요하긴 하지만 무선으로 사용할수있어 너무 편리하고 조명이 3개가 있어 종류별로 다른 분위기를 느낄수있어요! 디자인도 너무 이쁜듯ㅎㅎ","2022-03-05 07:55:40.000","2022-03-05 07:55:40.000","흰색","false","206869379","15377424","5.0",,"true","0","false","false","오늘의집 집돌이",,
"16562937","1038914","7871816","3","5","5","5","너무 귀엽고 이쁜데 지속 기간도 귀여워요..수시로 충전해줘야해요","2022-03-04 21:49:36.000","2022-03-04 21:49:36.000","소라","false","195273248","15370295","4.5",,"true","0","false","false","오늘의집 집돌이",,
"16537894","1038914","3671693","5","5","5","5","일단 무선인게 마음에 들고요 사이즈도 딱 미니미하고
적당합니다 ㅋㅋ귀오워용","2022-03-03 22:07:30.000","2022-03-03 22:07:31.000","흰색","false","205532600","15345955","5.0",,"true","0","false","false","오늘의집 집돌이",,
"16521710","1038914","2217977","5","5","5","5","디자인도 예쁘고 빛조절도 세가지 가능해서 맘에들어요
화이트 인테리어에 포인트로 예쁘네요","2022-03-03 11:34:12.000","2022-03-03 11:34:12.000","추가상품 - 5V 3.6A 어댑터","false","195066936",,"5.0",,"true","0","false","false","오늘의집 집돌이",,
"16454116","1038914","1229979","5","5","5","5","3단 밝기 조절에 무선으로도 사용 가능이라 너무 마음에 들어요 !! 가격도 너무 좋고 추천합니다!","2022-02-28 10:39:32.000","2022-02-28 10:39:32.000","흰색","false","205092600",,"5.0",,"true","0","false","false","오늘의집 집돌이",,
"16242216","1038914","15063246","5","5","5","5","정말 너무너무너무 마음에 들어요!! 최고의 선택이었던 것 같아요!!","2022-02-20 01:20:39.000","2022-02-27 22:50:06.000","흰색","false","196243409","15058038","5.0",,"true","1","false","false","오늘의집 집돌이",,
"16321091","1038914","9307419","5","5","5","5","배송완전빠르구 맘에들어요 ! 노란색없어서 아쉬웠는데 흰색 나름이쁜고같아요 기스도 없고 신경써서 보내주셔서 감사합니다~","2022-02-23 02:09:17.000","2022-02-23 02:09:17.000","흰색","false","203608569","15134715","5.0",,"true","0","false","false","오늘의집 집돌이",,
"16311563","1038914","2193424","5","5","5","5","밝기 조정 세 단계로 되어서 너무 용이하고 일단 디자인 깔끔해서 마음에 들어요","2022-02-22 20:06:48.000","2022-02-22 20:06:48.000","흰색","false","197377792","15126343","5.0",,"true","0","false","false","오늘의집 집돌이",,
"16302794","1038914","9994360","5","5","5","5","크기도 딱 원하는 정도고 불빛 세기 조절되는거 진짜 너무 좋아요 무드등으로 사용하려고 샀어요:)","2022-02-22 14:11:03.000","2022-02-22 14:11:03.000","흰색","false","202763853","15117211","5.0",,"true","0","false","false","오늘의집 집돌이",,
"16284909","1038914","6868778","5","5","5","5","배송 빠르고 좋습니다. 밝기는 약해도 귀엽네요","2022-02-21 17:43:21.000","2022-02-21 17:43:21.000","와인","false","200643006","15098097","5.0",,"true","0","false","false","오늘의집 집돌이",,
"16250344","1038914","4669838","4","4","4","4","깔끔하고 예뻐요! 배송도 빠르고 터치여서 좋아요 ","2022-02-20 13:54:53.000","2022-02-20 13:54:53.000","흰색","false","202280347","15065013","4.0",,"true","0","false","false","오늘의집 집돌이",,
"16233883","1038914","247594","5","5","5","5","저렴한 가격에 비해 넘 이뻐요!!!!!가까이에서 보면 확실히 저렴한 느낌이 보이긴하는데 그래도 이정도면 최고! 빛 밝기는 진짜 안밝아요ㅜㅜ 무선이라 편하고 불안켜도 노란 포인트돼서 맘에 듭니당ㅎㅎㅎ","2022-02-19 19:01:27.000","2022-02-19 19:01:27.000","노랑","false","195050468","15050373","5.0",,"true","0","false","false","오늘의집 집돌이",,
"16226623","1038914","16960221","5","5","5","5","디자인은 괜찮은데 생각보다 불빛이 너무 약해서 메인 조명으로는 안돼요","2022-02-19 14:53:04.000","2022-02-19 14:53:04.000","흰색","false","202527431","15044535","5.0",,"true","0","false","false","오늘의집 집돌이",,
"16225508","1038914","14012528","4","5","5","5","아직 협탁이 안와서 바닥에 놓고 쓰는데도 귀엽고 좋아요","2022-02-19 14:19:46.000","2022-02-19 14:19:46.000","노랑","false","195384192","15043671","4.75",,"true","0","false","false","오늘의집 집돌이",,
"16220318","1038914","8514812","3","4","5","5","가격은 저렴하지만 조명은 너무약해요 그래도이뿌니까패스","2022-02-19 10:41:01.000","2022-02-19 10:41:01.000","흰색","false","196621074","15039384","4.25",,"true","0","false","false","오늘의집 집돌이",,
"16191088","1038914","2087967","3","5","5","5","가성비는 갓갓,
싸고예쁘고 무선이라 넘편리하다

근데 좀 건들거림,
가격대비로는 아주만족ㅎㅎ","2022-02-17 23:55:07.000","2022-02-17 23:55:07.000","검정","false","196239829","15010435","4.5",,"true","0","false","false","오늘의집 집돌이",,
"16187273","1038914","3315250","5","5","5","5","갓 아래쪽만 등이여서 밝기는 아쉽긴 하지만 디자인이 너무 이뻐서 잘 사용하구 있어요ㅋㅋ","2022-02-17 21:29:22.000","2022-02-17 21:29:22.000","흰색","false","201172944","15007243","5.0",,"true","0","false","false","오늘의집 집돌이",,
"16183869","1038914","16714734","5","5","3","5","생각보다 깔끔하니 포인트 인테리어로 좋아요","2022-02-17 19:34:55.000","2022-02-17 19:34:55.000","흰색","false","200548624",,"4.5",,"true","0","false","false","오늘의집 집돌이",,
"16170719","1038914","8308700","2","4","1","5","생각보다 그닥 고급지지않네요. 흰색 별루.그리고 책읽으려고 샀는데 밝지 않아 도움이 별로 못되네요.가격이 많이 비쌈. 인테리어적으로 쓸봐엔 노란색이 차라리 나을뻔 했음.품절이어서 아쉽.충전식은 큰 장점임.","2022-02-17 11:00:32.000","2022-02-17 11:00:32.000","흰색","false","201362060","14991808","3.0",,"true","0","false","false","오늘의집 집돌이",,
"16161347","1038914","9316859","5","5","3","4","콘솔위에 작은 스탠드 필요했는데 싸이즈 딱좋고 예쁘네요~~","2022-02-16 21:53:55.000","2022-02-16 21:53:55.000","연분홍","false","196480462","14983836","4.25",,"true","0","false","false","오늘의집 집돌이",,
"16158582","1038914","6114780","5","5","5","5","아직 충전해서 켜보진 않았는데, 조명 안 켜고 보기만 해도 예쁘네요!","2022-02-16 20:30:44.000","2022-02-16 20:30:44.000","흰색","false","201023762","14980611","5.0",,"true","0","false","false","오늘의집 집돌이",,
"16118486","1038914","1978119","5","5","5","5","이쁘네예♥️♥️♥️♥️♥️♥️♥️♥️♥️♥️♥️♥️♥️♥️♥️♥️♥️♥️♥️♥️♥️♥️♥️♥️♥️♥️♥️♥️♥️🧚🏻🧚🏻","2022-02-15 11:14:38.000","2022-02-15 11:14:38.000","흰색","false","197431734","14939278","5.0",,"true","0","false","false","오늘의집 집돌이",,
"15992869","1038914","6174370","5","5","5","5","배송도 빠르고 크기도 적당하고 이뻐요 ! 깔끔하니 제스타일입니당","2022-02-10 00:04:14.000","2022-02-14 23:29:08.000","흰색","false","199358495","14822776","5.0",,"true","0","false","false","오늘의집 집돌이",,
"16102545","1038914","2919477","3","5","5","5","무선으로 사용할 수 있어서 너무 좋구요.
배송도 생각보다 빨리와서 이사전에 잘 받아서 안전하게 데려왔습니다.
다만 약간 깡통스런 내구성때문에 이사하시거나 할때는 주의가 필요할 것 같아요!
집에 두고 쓰기에는 내구성이 큰 상관이 없을 것 같구요!
가볍고 예쁘고 아주 만족합니다!!","2022-02-14 14:36:19.000","2022-02-14 14:36:19.000","흰색","false","196376063",,"4.5",,"true","0","false","false","오늘의집 집돌이",,
"16083897","1038914","3419459","4","5","5","5","밝기가 생각보다 어두웠지만 디자인이 예뻐서 마음에 들어요","2022-02-13 18:03:03.000","2022-02-13 18:03:03.000","흰색","false","195864059","14908073","4.75",,"true","0","false","false","오늘의집 집돌이",,
"16081290","1038914","6256065","5","5","5","5","노란색 품절돼서 하얀색 샀는데.. 맘에들어요 ❤❤ 존예","2022-02-13 16:29:14.000","2022-02-13 16:29:14.000","흰색","false","197010545","14906088","5.0",,"true","0","false","false","오늘의집 집돌이",,
"16076778","1038914","6592950","5","5","5","5","가격도 저렴한데 너무 예쁘고 진짜 잘산것같아요ㅠㅠ 그냥 둬도 너무 귀엽고 밤에 자기전에 누워서 켜놓기 딱 좋아요! 색상이랑 밝기 모두 조절되고 충전식이라 선 지저분하게 안 놔도 돼요! 깔별로 사고싶어요ㅠㅠ 너무 귀엽습니다!!","2022-02-13 13:42:46.000","2022-02-13 13:42:46.000","노랑","false","193522779","14546151","5.0",,"true","0","false","false","오늘의집 집돌이",,
"16067746","1038914","3715344","3","3","5","3","노란색 품절이라 하늘색으로 받았지만 ㅠㅠ 하늘색도 귀엽네요
품절된 컬러는 품절 표시를 해주셔야할거같아요 .. 
크기도 적당합니다","2022-02-13 00:01:19.000","2022-02-13 00:01:19.000","노랑","false","195834704","14892989","3.5",,"true","0","false","false","오늘의집 집돌이",,
"16021701","1038914","4134211","5","5","5","5","택배 파업때문에 친구집으로 배송해서 아직 사용 못해봤지만 마음에 들어요👍🏼👍🏼","2022-02-11 01:26:26.000","2022-02-11 01:26:26.000","흰색","false","197985399","14849181","5.0",,"true","0","false","false","오늘의집 집돌이",,
"16015794","1038914","16110447","3","4","3","3","디자인 색감은 이쁜데 조명이 너무 약해요,,, 
조명 교환도 안됩니다 엘이디??? 
외관만 보고 괜찮으시면  사는 거 추천 
저는 장수탠드 조명 다시 샀어요","2022-02-10 21:53:51.000","2022-02-10 21:53:51.000","노랑","false","194717260","14844087","3.25",,"true","0","false","false","오늘의집 집돌이",,
"15994187","1038914","14436762","5","5","4","4","마음에 안들면 반품하려했는데 사이즈도 딱이고 너무 귀여워요 ㅠㅠ","2022-02-10 01:19:30.000","2022-02-10 01:19:30.000","흰색","false","198312871","14823867","4.5",,"true","0","false","false","오늘의집 집돌이",,
"15975024","1038914","13504591","5","5","5","5","색감도 이쁘고 가격도 저렴해서 좋습니다~무선인데 작동도 잘되네요","2022-02-09 13:35:40.000","2022-02-09 13:35:40.000","노랑","false","195014665","14806158","5.0",,"true","0","false","false","오늘의집 집돌이",,
"15938516","1038914","2611277","5","5","5","5","원래 소라색 사고 싶었는데 품절떠서 너무 아쉬웠어요ㅠ 대신 흰색 샀는데 다음엔 소라색 사야징","2022-02-07 22:32:06.000","2022-02-08 17:55:14.000","흰색","false","196901598","14773397","5.0",,"true","0","false","true","오늘의집 고객센터","안녕하세요. 오늘의집 고객센터 입니다.
고객님이 작성한 리뷰에 등록된 사진은 [직접 촬영하지 않은 이미지]로 확인되어 블라인드 처리되었습니다. 
리뷰 사진을 제외한 리뷰 작성 내용은 그대로 반영되오니 참고 부탁드립니다.  
(사유 : 캡쳐한 이미지, 실제 상품과 다름)  

[리뷰 수정 방법]  
1) 오늘의집 홈페이지 접속 (PC WEB만 가능) 
2) 우측 상단 프로필 클릭  
3) [마이페이지- 나의 리뷰 - 내가 작성한 리뷰]에서 직접 수정이 가능합니다.  
│리뷰 수정 바로 가기(https://ohou.se/production_reviews)
  
직접 촬영한 이미지로 수정하시면 블라인드 해제가 가능합니다.
해제를 원하는 경우, 이미지 직접 수정 후 댓글을 통해 @오늘의집을 태그하여 댓글을 남겨 주시면 
담당자의 확인 과정을 거쳐 블라인드 해제를 진행 하겠습니다.

블라인드 게시물은 [PC web -마이페이지]를 통해 확인 가능하며, 추가 문의 사항 있으실 경우
댓글을 통해 @오늘의집을 태그하시거나, 오늘의집 (cs@bucketplace.net) 
앞으로 문의하시면 최대한 신속히 도움드리겠습니다. 

감사합니다.","2022-02-08 17:55:14.000"
"15950948","1038914","2331546","5","5","5","5","잘사용하고 있습니다! 좋은상품감사합니다. ","2022-02-08 14:49:42.000","2022-02-08 14:49:42.000","흰색","false","197134296",,"5.0",,"true","0","false","false","오늘의집 집돌이",,
"15948752","1038914","16029323","3","3","3","3","모은 귀여운데 불빛이 너무 약해요 ;;;;","2022-02-08 13:12:31.000","2022-02-08 13:12:31.000","흰색","false","198241851",,"3.0",,"true","0","false","false","오늘의집 집돌이",,
"15933675","1038914","6478711","5","5","5","5","여기가 제일 저렴하고
배송도 빨랐어요
실물은 더 예쁩니다
갬성 최고>_<","2022-02-07 19:58:12.000","2022-02-07 19:58:12.000","노랑","false","193741589","14768418","5.0",,"true","0","false","false","오늘의집 집돌이",,
"15931908","1038914","9309092","5","5","5","5","씨,, 넘이뻐영 배송도 엄청빠르게 오고 진짜 이뻐요 ㅜㅜㅜ","2022-02-07 18:49:33.000","2022-02-07 18:49:33.000","노랑","false","195109533","14766946","5.0",,"true","0","false","false","오늘의집 집돌이",,
"15930637","1038914","8696024","4","5","4","5","옐로우나 라이트블루로 구매하고 싶었는데 품절이어서 핑크로 구매했는데 핑크도 예쁘네요!
방이랑 잘 어울리고 저렴한 가격으로 잘 구매한것 같습니다.","2022-02-07 17:51:55.000","2022-02-07 17:51:55.000","연분홍","false","197057281","14765412","4.5",,"true","0","false","false","오늘의집 집돌이",,
"15925746","1038914","16616797","3","5","5","5","귀여워요ㅋㅋㅋ 방이 상큼해졌어요 !!!","2022-02-07 14:20:29.000","2022-02-07 14:20:29.000","노랑","false","195183717","14760991","4.5",,"true","0","false","false","오늘의집 집돌이",,
"15921216","1038914","4737670","5","5","5","5","옮겨다니면서 쓸수있어 편하고 배송도 빠릅니다.","2022-02-07 10:52:42.000","2022-02-07 10:52:42.000","와인","false","197914358","14756476","5.0",,"true","0","false","false","오늘의집 집돌이",,
"15914512","1038914","16464684","5","5","5","5","넘이뻐요^^색상도 굿 배송도 굿
좋아요","2022-02-06 22:55:07.000","2022-02-06 22:55:07.000","노랑","false","194878036","14749322","5.0",,"true","0","false","false","오늘의집 집돌이",,
"15914145","1038914","8879907","5","5","5","5","포인트 주려고 샀는데 너무 귀엽고 예쁩니다~~!!","2022-02-06 22:41:36.000","2022-02-06 22:41:36.000","노랑","false","195177460","14748914","5.0",,"true","0","false","false","오늘의집 집돌이",,
"15911056","1038914","7758581","4","4","4","4","포인트가 되어 이뻐요
불은 그렇게 밝지 않아 켜진 않아요
그저 인테리어용","2022-02-06 21:00:52.000","2022-02-06 21:00:52.000","노랑","false","193885081","14746414","4.0",,"true","0","false","false","오늘의집 집돌이",,
"15906742","1038914","1924304","5","5","5","5","너무너무 예뻐요^^ 동생도 너무 이쁘다고 사려고 하는데 노랑이 품절이네요 ㅠ ","2022-02-06 18:21:35.000","2022-02-06 18:21:35.000","노랑","false","194737960","14742988","5.0",,"true","0","false","false","오늘의집 집돌이",,
"15887202","1038914","5808202","5","5","5","5","분위기 좋고 너무 예뻐요~색도 이쁘고 불이 조금 약하지만 만족합니다~♡","2022-02-05 23:02:48.000","2022-02-05 23:02:48.000","노랑","false","193716946","14725637","5.0",,"true","0","false","false","오늘의집 집돌이",,
"15884330","1038914","11063228","5","5","5","5","색상 고민하다가 무난하게 방 분위기랑 어울리는 흰색으로 구매했는데 너무 만족스러워요! 무엇보다 충전형이라서 전선 없이 사용할 수 있다는 게 제일 좋구요, 가성비 최고예요! 방마다 하나씩 놓고 싶은 지경이예요. ","2022-02-05 21:38:26.000","2022-02-05 21:39:09.000","흰색","false","196231275","14723328","5.0",,"true","0","false","false","오늘의집 집돌이",,
"15882781","1038914","5899255","4","5","4","4","불이 생각보다 조금 약하고 
색상은 너무너무 귀여워용!!!! ㅋㅋㅋ","2022-02-05 21:00:05.000","2022-02-05 21:00:05.000","연분홍","false","195716109","14722159","4.25",,"true","0","false","false","오늘의집 집돌이",,
"15871194","1038914","6491319","5","5","5","5","여러 오브제들을 샀지만 단스탠드만한 오브제는 없는것같아요! 선이없어서 더욱 빛을 바라게하는 것같고 이정도 퀄리티에 가격까지 최고입니다^^","2022-02-05 15:09:17.000","2022-02-05 15:09:17.000","노랑","false","195552944","14712375","5.0",,"true","0","false","false","오늘의집 집돌이",,
"15868316","1038914","5628725","5","5","3","5","인테리어에 굿~ 너무 마음에 드네요 :-) ","2022-02-05 13:36:39.000","2022-02-05 13:36:39.000","검정","false","196280214","14709953","4.5",,"true","0","false","false","오늘의집 집돌이",,
"15863213","1038914","16708621","5","5","4","4","너무너무 예쁩니다. :)
고민했던 시간이 아쉬울만큼 마음에 들어요.
처음에는 좀더 실용적인 불이 밝은 다른 조명과 계속 고민하다가 선택했는데 불을 꺼놓아도 예뻐서 보기만 해도 좋아요.
불이 밝진 않지만 시간 확인하고, 침실 분위기용으로는 딱입니다!","2022-02-05 09:44:26.000","2022-02-05 09:44:26.000","연분홍","false","197592325","14705702","4.5",,"true","0","false","false","오늘의집 집돌이",,
"15857277","1038914","5885903","5","5","5","5","불빛이 그렇게 밝진 않지만,, 
불안켜고 놔둬도 넘이뻐요 디자인이","2022-02-04 22:39:54.000","2022-02-04 22:39:54.000","추가상품 - 5V 3.6A 어댑터","false","195586267","14700087","5.0",,"true","0","false","false","오늘의집 집돌이",,
"15856505","1038914","15392015","5","5","3","3","딸이좋아해요터치라편하고무선충전두편하고요","2022-02-04 22:12:40.000","2022-02-04 22:12:40.000","연분홍","false","196047659","14699450","4.0",,"true","0","false","false","오늘의집 집돌이",,
"15850162","1038914","16739200","5","5","5","5","귀엽고 밝아서 좋아요!!!!!!!!!!","2022-02-04 18:30:46.000","2022-02-04 18:30:46.000","소라","false","195898266","0","5.0",,"true","0","false","false","오늘의집 집돌이",,
"15848087","1038914","9494105","5","5","5","5","아이방에 해줬는데 컬러도 예쁘고
불도 은은하고 너무 너무 예뻐요!
제가 탐나서 하나 더 사려구요^^!
","2022-02-04 16:54:35.000","2022-02-04 16:54:35.000","연분홍","false","197018760","14691899","5.0",,"true","0","false","false","오늘의집 집돌이",,
"15844095","1038914","12667287","5","5","5","5","너무 이뻐용 ㅎㅎ
내가 사고 노랑이 품절이라 더 짜릿 ㅋㅋ
이쁩니당 꼭 사세용","2022-02-04 13:47:29.000","2022-02-04 13:47:29.000","노랑","false","194993276","14688444","5.0",,"true","0","false","false","오늘의집 집돌이",,
"15838539","1038914","3061704","4","5","5","5","사이즈, 무게, 가격 다 좋아요 생각보다 주광색이 밝지 않지만 그래도 침실에 수면등으로 쓰기 좋아요. 노란색이 너무 예쁘네요","2022-02-04 01:21:42.000","2022-02-04 01:21:42.000","노랑","false","195074053","14683224","4.75",,"true","0","false","false","오늘의집 집돌이",,
"15834949","1038914","6935818","5","5","5","5","친구 이사가는 기념으로 선물해줬는데 너무 너무 예뻐요 💛","2022-02-03 22:02:25.000","2022-02-03 22:02:25.000","노랑","false","195267303",,"5.0",,"true","0","false","false","오늘의집 집돌이",,
"15829971","1038914","949591","5","5","5","5","배송 너무 빠르고 
디자인 진짜 귀여워요 ㅎㅎ
조명컬로도 바꿀 수 있어서 너무 좋구요 
일단 선없이 테이블에서 쓸수 있으니까 
인테리어 효과도 엄청 좋네요! ","2022-02-03 18:13:38.000","2022-02-03 18:13:38.000","노랑","false","195643861","14675837","5.0",,"true","0","false","false","오늘의집 집돌이",,
"15820067","1038914","640221","4","5","5","5","지인 생일선물로 구입했는데 너무 귀엽다고 하네요 ㅎㅎㅎ 실제로도 너무 귀여워용 근데 불빛이 생각보단 약해서 살짝아쉬워요 ㅠㅠ 근데 너무 귀엽ㅋㅋㅋ ","2022-02-03 02:20:31.000","2022-02-03 02:20:31.000","흰색","false","196283838","14666669","4.75",,"true","0","false","false","오늘의집 집돌이",,
"15815710","1038914","14799354","3","5","4","4","이런 디자인중에 엄청 싸고 이뻐용 
근데 내구성은 좀 아쉽지만 싸서 괜차나용 ㅎ","2022-02-02 20:58:36.000","2022-02-02 20:58:36.000","흰색","false","195914281","14661245","4.0",,"true","0","false","false","오늘의집 집돌이",,
"15754784","1038914","3744923","4","4","5","4","옴~~청 귀여워요! 생각보다 실물은 좀 작아 보이긴 하지만 큰 걸 기대했던건 아니어서 나름 잘 사용중이에요~ 
충전해두면 2-3시간 정도는 밝음을 유지해줍니다~~^^ ","2022-01-29 01:36:25.000","2022-02-02 09:32:11.000","노랑","false","195506827","14602630","4.25",,"true","1","false","false","오늘의집 집돌이",,
"15559568","1038914","10152005","3","4","5","5","색상은 쨍하니 이뻐요^^내구성 살짝 떨어지구요.도장 뭉침 심하구요. 갓 조금 삐뚤구요.불빛 약하구요. 크기작구요. 근데 이뽀구 귀엽네요~ 가성비템!","2022-01-20 00:12:20.000","2022-02-02 09:31:36.000","노랑","false","193447958","14405544","4.25",,"true","3","false","false","오늘의집 집돌이",,
"15805696","1038914","4743489","5","5","4","5","불빛은 되게 약한편이긴한데
색깔이 쨍해서 디자인이 너무 귀여워요ㅎㅎ
거실에 보이는 장식장에다 놓았는데
화이트 우드 인테리어에 아주 포인트가 되네요ㅎㅎ
넘나 맘에들어요^^^^^^♡♡","2022-02-02 06:45:43.000","2022-02-02 06:45:43.000","노랑","false","195073379","14651862","4.75",,"true","0","false","false","오늘의집 집돌이",,
"15804367","1038914","4832348","5","5","5","5","원하던 소라색은아니지만 다자인 이쁘고 무선이라 좋아요","2022-02-02 00:14:43.000","2022-02-02 00:14:43.000","소라","false","196332941","14650307","5.0",,"true","0","false","false","오늘의집 집돌이",,
"15799870","1038914","656630","5","5","5","5","너무 예뻐요 저렴한 가격에 집이 너무 아름다워졌어요 ","2022-02-01 16:56:21.000","2022-02-01 16:56:21.000","노랑","false","195043305","14646262","5.0",,"true","0","false","false","오늘의집 집돌이",,
"15774608","1038914","3136279","5","5","5","5","원하던색상 재 입고 될때까지 기다렸다가 샀네요. 가성비 좋아요🙌","2022-01-30 13:14:32.000","2022-01-30 13:14:32.000","노랑","false","194842885","14620792","5.0",,"true","0","false","false","오늘의집 집돌이",,
"15773577","1038914","10096499","5","5","5","5","너무나 구매하고 싶었던 상품 드뎌 집에 모셨네요
눈길이 자꾸만 가면서 볼수록 넘 맘에들어 행복해요
두번이나 구매에 실패해서 실망했었는데 구매하게
되서 기쁩니다 전등색상도 내맘대로 선택할수있고
무엇보다 무선으로도 사용가능하니 맘에 드는곳에
인테리어 할수있어서 정말 실용적입니다 분위기도
물씬 ~~ 오래 사용하면 좋겠네요^^","2022-01-30 11:59:41.000","2022-01-30 11:59:41.000","추가상품 - 5V 3.6A 어댑터","false","195039289","14619866","5.0",,"true","0","false","false","오늘의집 집돌이",,
"15772312","1038914","1253823","4","5","5","5","친구 신혼집 선물로 보냈는데 빛이 은은해서 마음에 든다고 하네요:) 저렴하게 잘 산거 같고 충전식이라 더 마음에 들어요! 배송도 빨랐어요","2022-01-30 10:22:54.000","2022-01-30 10:22:54.000","흰색","false","195825389","14618856","4.75",,"true","0","false","false","오늘의집 집돌이",,
"15770150","1038914","3764522","5","5","5","5","불조절 3단계고 작고아담해요
불이 많이밝진 않지만 인테리어용으로 예뻐요","2022-01-30 00:54:13.000","2022-01-30 00:54:13.000","노랑","false","195113430","14616958","5.0",,"true","0","false","false","오늘의집 집돌이",,
"15767946","1038914","2709551","5","5","5","5","귀여워용 무드가 생기는 그런 조명✨이에용","2022-01-29 22:05:18.000","2022-01-29 22:05:18.000","흰색","false","196341115","14614973","5.0",,"true","0","false","false","오늘의집 집돌이",,
"15764302","1038914","3828244","5","5","5","5","수면등으로 사용하려고 구매했는데 넘 맘에 들어요
노랑색이 넘 귀요미하고 밝기조절되어서 좋아요","2022-01-29 17:40:18.000","2022-01-29 17:40:18.000","노랑","false","194286877","14611657","5.0",,"true","0","false","false","오늘의집 집돌이",,
"15762456","1038914","1732153","5","5","5","5","색 너무 예쁘고 방에 완전 포인트에용.. 대추천합니다
충전식이라 훨 편해요!!!!!","2022-01-29 15:54:10.000","2022-01-29 15:54:10.000","플라워팟 조명 (연분홍)","false","179862797","14610086","5.0",,"true","0","false","false","오늘의집 집돌이",,
"15757727","1038914","1110527","5","5","5","5","생각보다 쨍한 하늘색이라 너무 이뻐요!!
불빛이 많이 작지만 딱 무드등 간접조명 정도로
쓰기 좋아요!","2022-01-29 11:18:58.000","2022-01-29 11:18:58.000","소라","false","196142955","14605024","5.0",,"true","0","false","false","오늘의집 집돌이",,
"15756999","1038914","2777778","5","5","5","5","너무 귀여워요~~
조명 색도 3단계로 나와서 좋고
무선이라 여기저기 옮기기도 좋은것 같아요","2022-01-29 10:13:33.000","2022-01-29 10:13:33.000","노랑","false","195413770","14604362","5.0",,"true","0","false","false","오늘의집 집돌이",,
"15755877","1038914","4685268","5","5","5","5","이거 하나만으로도 인테리어가 확 살아난 느낌!","2022-01-29 07:25:05.000","2022-01-29 07:25:05.000","추가상품 - 5V 3.6A 어댑터","false","195174445",,"5.0",,"true","0","false","false","오늘의집 집돌이",,
"15753457","1038914","15259951","4","5","5","5","예뻐요 :)
미니미 하네요! 
밑부분이 색이 약간 덜 칠해져있는데 괜찮슴돠 뭐
가격이 싸니깐..","2022-01-28 23:52:51.000","2022-01-28 23:52:51.000","노랑","false","195386886",,"4.75",,"true","0","false","false","오늘의집 집돌이",,
"15744919","1038914","8456449","4","4","5","5","귀여워요  색상도 쨍하고  예뻐요^^","2022-01-28 17:01:23.000","2022-01-28 17:01:23.000","노랑","false","195067771","14592722","4.5",,"true","0","false","false","오늘의집 집돌이",,
"15739517","1038914","6953114","5","5","5","5","이뻐용!!! 밝기조절고 쉽습니다.^^","2022-01-28 12:29:04.000","2022-01-28 12:29:04.000","노랑","false","194702673","14587097","5.0",,"true","0","false","false","오늘의집 집돌이",,
"15737686","1038914","5137239","4","5","3","5","옐로우가 품절이라 핑크로 했는데 포인트 주기 좋네요. 그리고 무선이라 여기저기 들고 다니기 좋네요^^
충전시 빨간불 완려되면 파란불 들어와서 편리해요. ","2022-01-28 10:19:38.000","2022-01-28 10:19:38.000","연분홍","false","195888266","14585267","4.25",,"true","0","false","false","오늘의집 집돌이",,
"15735383","1038914","12475369","5","5","5","5","배송 정말 빠르고 디자인 깔끔해서 어느 장소에 두어도 잘 어울리네요. 무선이라 가장 좋고 3가지 조명 스타일도 마음에 드네요👏","2022-01-28 01:04:24.000","2022-01-28 01:04:24.000","흰색","false","196301563",,"5.0",,"true","0","false","false","오늘의집 집돌이",,
"15565946","1038914","5057266","5","5","5","5","다른.조명에 비해 저렴하길래 싼티날까 걱정했는데 비싸게 주고산 조명보다 더 만족합니다 넘 귀여워요ㅜㅡ","2022-01-20 12:54:39.000","2022-01-27 21:44:29.000","플라워팟 조명 (소라)","false","187582070","14411228","5.0",,"true","3","false","false","오늘의집 집돌이",,
"15728252","1038914","814083","3","5","5","5","남편 자고있을 때 불켜서 화장하는게 좀 그럴것같아서 요 조명 켜고 화장하려고 샀는데…..ㅠㅠ불빛이….너무 약해요ㅠㅠㅠㅠㅠㅠㅠㅠㅠㅠㅠㅠㅠㅠㅠ근데 너무 귀엽고 이뻐서 반품은 안하고 오브제로 쓰려구요…….♡ 번창하세욤","2022-01-27 19:45:22.000","2022-01-27 19:45:22.000","검정","false","195831559","14576159","4.5",,"true","0","false","false","오늘의집 집돌이",,
"15724324","1038914","6699037","5","5","5","5","고민하다 품절될거 같아서 바로 주문했는데 배송 엄청 빠르고 만족해요. 노랑이 예뻐보이지만 너무 흔한? 색이 되버려서 소라색했는데 넘 잘한 선택이예요! 앙증맞고 귀엽습니다. 무선이라 더 좋아요.","2022-01-27 16:47:24.000","2022-01-27 16:47:24.000","소라","false","196313174","14572323","5.0",,"true","0","false","false","오늘의집 집돌이",,
"15723171","1038914","2727998","5","5","5","5","노랑노랑해서 이쁘네요 고민많이하고 구매했는데 ..근데 밝기는 무드등정도예요 더 밝기를 원했거든요. 그래도 이뻐서 용서됩니다 .","2022-01-27 15:56:55.000","2022-01-27 15:56:55.000","노랑","false","193822657","14570980","5.0",,"true","0","false","false","오늘의집 집돌이",,
"15723050","1038914","1349995","3","5","4","5","조명이 세가지 종류가 있는 건 좋으나
가장 밝게 해도 어둡습니다!
공부할때도 쓰려고 겸사겸사 구매했는데 
저 버섯모양엔 빛이 통과를 못해서 그런지 빛이 아래로만 나와서 좀 어두워용","2022-01-27 15:51:51.000","2022-01-27 15:51:51.000","추가상품 - 5V 3.6A 어댑터","false","193688068","14570848","4.25",,"true","0","false","false","오늘의집 집돌이",,
"15723023","1038914","6155446","5","4","5","4","색상도 쨍한게 이쁘고 디자인도 마음에 들어요~~충전식이라 선없이 조명 사용가능해서 어디에든 놓고 켤 수 있어서 좋아요^^ 가격도 좋아서 굿~~♡","2022-01-27 15:50:47.000","2022-01-27 15:50:47.000","노랑","false","195332300",,"4.5",,"true","0","false","false","오늘의집 집돌이",,
"15722827","1038914","15058901","4","5","5","5","등이 약해서 아쉽지만 이 가격이면 잘산거같아요","2022-01-27 15:42:47.000","2022-01-27 15:42:47.000","노랑","false","195740777","14570571","4.75",,"true","0","false","false","오늘의집 집돌이",,
"15721903","1038914","11180358","5","5","5","5","충전하는게좀귀찮긴한데 예쁘네요ㅎ^^~","2022-01-27 15:06:18.000","2022-01-27 15:06:18.000","노랑","false","195343225","14569689","5.0",,"true","0","false","false","오늘의집 집돌이",,
"15719277","1038914","680233","5","5","5","5","이사가는 집에 인테리어 활용할때 쓰려고 구매했어요!!
특가로 저렴하게 구매해서 너무 너무 만족 합니다!!
너무 이뻐요!! 빨리 이사 가서 이쁘게 나두고 쓰고 싶어요!!
배송도 빠르고 포장도 꼼꼼히 와주셔서 감사 합니다!!!
너무너무 좋아요!!!","2022-01-27 13:19:35.000","2022-01-27 13:19:35.000","흰색","false","195491780","14567331","5.0",,"true","0","false","false","오늘의집 집돌이",,
"15718853","1038914","1900749","4","5","5","5","침실에 포인트 주기 좋아요 근데 조명이 너무 은은해요ㅠ","2022-01-27 13:02:00.000","2022-01-27 13:02:00.000","노랑","false","193525101","14566907","4.75",,"true","0","false","false","오늘의집 집돌이",,
"15713499","1038914","12894787","5","5","5","5","귀여워요
넘 이뻐ㅛ^^~충전방식인린 더좋아요","2022-01-27 01:40:08.000","2022-01-27 01:40:08.000","흰색","false","196085963",,"5.0",,"true","0","false","false","오늘의집 집돌이",,
"15712596","1038914","14935856","5","5","5","5","귀엽고 예뻐요 조명 색상이 세 가지인 점도 맘에 듭니당","2022-01-27 00:35:37.000","2022-01-27 00:35:37.000","흰색","false","195408050","14560510","5.0",,"true","0","false","false","오늘의집 집돌이",,
"15710696","1038914","16196473","5","5","5","5","디자인 이쁘고 배송도 엄청 빨라요.  만족합니다. ","2022-01-26 23:02:30.000","2022-01-26 23:02:30.000","노랑","false","195108112","14557329","5.0",,"true","0","false","false","오늘의집 집돌이",,
"15706156","1038914","6838739","5","5","5","5","보기와 같아요 예뻐요 !!! 작다고들 하는데 저는 생각했던 크기였오서 실망 안했지요 ㅎㅎㅎ","2022-01-26 20:14:50.000","2022-01-26 20:14:50.000","노랑","false","195176287","14552820","5.0",,"true","0","false","false","오늘의집 집돌이",,
"15700715","1038914","15490442","5","5","4","5","귀엽고 샤뜻허요...비싼감은 있습니다.","2022-01-26 16:08:05.000","2022-01-26 16:08:05.000","추가상품 - 5V 3.6A 어댑터","false","195304760","14547870","4.75",,"true","0","false","false","오늘의집 집돌이",,
"15699843","1038914","5941315","5","5","5","5","포인트로 저렴하게 샀어요 노랑이랑 고민하가가 하늘색샀는데 예쁘네요","2022-01-26 15:29:56.000","2022-01-26 15:29:56.000","소라","false","196090080","14547069","5.0",,"true","0","false","false","오늘의집 집돌이",,
"15699594","1038914","16573568","5","5","5","5","진짜 귀여워요. 색감도 쨍한 노랑이라 마음에 듭니다.","2022-01-26 15:19:42.000","2022-01-26 15:19:42.000","노랑","false","195787456","14546876","5.0",,"true","0","false","false","오늘의집 집돌이",,
"15699408","1038914","1834764","4","5","5","5","색도 너무 이쁘고
튼튼해요
배송도 빠르구여","2022-01-26 15:11:45.000","2022-01-26 15:11:45.000","연분홍","false","195929842","14546693","4.75",,"true","0","false","false","오늘의집 집돌이",,
"15097531","1038914","15948295","5","5","5","5","좋아오좋아요좋아오좋아요좋아오좋아요좋아오좋아요","2021-12-30 16:34:15.000","2022-01-26 15:09:49.000","플라워팟 조명 (소라)","false","183785118","13952820","5.0",,"true","1","false","true","오늘의집 고객센터","안녕하세요. 오늘의집 고객센터 입니다.
고객님이 작성한 리뷰에 등록된 사진은 실제 상품과 관련 없는 무관한 이미지로 확인되어 블라인드 처리되었습니다.
리뷰 사진을 제외한 리뷰 작성 내용은 그대로 반영되오니 참고 부탁드립니다. (사유 : 캡쳐한 이미지, 실제 상품과 다름, 식별이 어려운 이미지)

[리뷰 수정 방법]
1) 오늘의집 홈페이지 접속 (PC WEB만 가능)
2) 우측 상단 프로필 클릭
3) [마이페이지 - 나의 리뷰 - 내가 작성한 리뷰]에서 직접 수정이 가능합니다.
리뷰 수정 바로 가기(https://ohou.se/production_reviews)

관련된 이미지로 수정하시면 블라인드 해제가 가능합니다. 해제를 원하는 경우, 이미지 직접 수정 후 댓글을 통해
@오늘의집을 태그 하여 말씀해 주시면 담당자의 확인 과정을 거쳐 블라인드 해제를 진행하겠습니다.

블라인드 게시물은 [PC web -마이페이지]를 통해 확인 가능하며 추가 문의 사항 있으실 경우
댓글을 통해 @오늘의집을 태그 하시거나 오늘의집(cs@bucketplace.net) 앞으로 문의하시면 최대한 신속히 도움드리겠습니다.

감사합니다.","2022-01-26 15:09:49.000"
"15694527","1038914","909755","4","5","5","5","귀엽고 노란색이라 포인트 주기 좋아요! 
많이 밝지는 않은편이지만
3가지 조명색상을 선택할수 있고
충전형이라 테이블에 깔끔하게 놓을수 있어서
좋습니다:)","2022-01-26 10:55:33.000","2022-01-26 10:55:33.000","플라워팟 조명 (노랑)","false","178740570","14541638","4.75",,"true","0","false","false","오늘의집 집돌이",,
"15694302","1038914","7162375","5","5","5","5","이시한 친구에게 침실 뽀인트로 사줬는데 예쁘다고 좋아하네요 :) ","2022-01-26 10:37:35.000","2022-01-26 10:37:35.000","노랑","false","194264662","14541500","5.0",,"true","0","false","false","오늘의집 집돌이",,
"15689087","1038914","6044636","5","5","5","5","예뻐요예뻐요예뻐요!!!!ㅎㅎㅎㅎㅎㅎㅎ","2022-01-25 23:26:25.000","2022-01-25 23:26:25.000","노랑","false","195749332","14535586","5.0",,"true","0","false","false","오늘의집 집돌이",,
"15688130","1038914","6809348","4","5","5","5","가격대비 훌륭해요 이뻐요~~~
식탁테이블에서 쓰는중
배송 하루만에..대박!","2022-01-25 22:49:50.000","2022-01-25 22:49:50.000","노랑","false","195267885","14534509","4.75",,"true","0","false","false","오늘의집 집돌이",,
"15685864","1038914","2885393","5","5","5","5","너무 이뻐요 ㅎㅎㅎ 조명 색 다양해서 좋긴한데 밝기 조절이 안되는게 넘 아쉽고, 무선이라 너무  편해요","2022-01-25 21:33:34.000","2022-01-25 21:33:34.000","흰색","false","195884917","14532533","5.0",,"true","0","false","false","오늘의집 집돌이",,
"15678338","1038914","15109184","4","5","4","5","아이방 꾸며주려고 주문했어요~~ 
우선 색상이 너무 이뻐요♡
배송도 빨라요~
무선에 터치기능 앙증맞은 디자인
뭐하나 안이쁜 구석이 없네요~~","2022-01-25 15:17:01.000","2022-01-25 15:17:01.000","노랑","false","195691001","14523546","4.5",,"true","0","false","false","오늘의집 집돌이",,
"15674948","1038914","15944521","5","5","5","5","존재자체로 갬성이 생김 충전식이라 테이블에 깔끔하게 사용가능해서.좋음 가격대비 갠츈","2022-01-25 11:57:47.000","2022-01-25 11:57:47.000","노랑","false","195057190","14520319","5.0",,"true","0","false","false","오늘의집 집돌이",,
"15665174","1038914","16220672","5","5","5","5","배송빨리왔구요 생각했던것보다 더 귀여워요~
무선이라 선없어 더 깔끔하고 너무 좋아요
불도 하얀불 노란불 바꿔서 나오고 생각보다 기능이 많네요:)","2022-01-24 20:02:12.000","2022-01-24 20:02:12.000","노랑","false","194992654","14509623","5.0",,"true","0","false","false","오늘의집 집돌이",,
"15659131","1038914","16372755","4","5","5","5","가격 대비 내구성 좋고 배송도 빨라서 좋아요~~","2022-01-24 14:38:24.000","2022-01-24 14:38:24.000","노랑","false","194827494",,"4.75",,"true","0","false","false","오늘의집 집돌이",,
"15657089","1038914","16616035","4","5","5","5","많이안밝아서 
침실에서쓰기 딱좋아요!
귀엽공","2022-01-24 13:08:56.000","2022-01-24 13:08:56.000","노랑","false","195093591","14500030","4.75",,"true","0","false","false","오늘의집 집돌이",,
"15513009","1038914","14630214","5","5","5","5","예뻐요 예뻐요 너무 예뻐요
노랑 솔드아웃이라 일부러 기다려서 받았다는요ㅋ
내구성은 잘 모르겠지만 ㅋ
일단 디자인은 백점!!","2022-01-17 22:30:03.000","2022-01-24 11:24:35.000","추가상품 - 5V 3.6A 어댑터","false","186960289","14355828","5.0",,"true","0","false","false","오늘의집 집돌이",,
"14175258","1038914","4117489","5","5","5","5","너무 색감이 좋구 노랑이 넘 맘에들어용 
가격대비 짱 좋네요 ^^","2021-11-21 19:44:20.000","2022-01-24 10:12:18.000","플라워팟 조명 (노랑)","false","175978309","13064811","5.0",,"true","1","false","false","오늘의집 집돌이",,
"15653511","1038914","13731889","5","5","5","5","어두운 복도쪽에 두니 분위기 좋고 너무 예뻐요~~~~!!잘산거 같아요~!","2022-01-24 09:10:07.000","2022-01-24 09:10:07.000","노랑","false","195104422","14496475","5.0",,"true","0","false","false","오늘의집 집돌이",,
"15572953","1038914","14019871","4","4","5","5","선물주려고 샀는데 포장 진짜..
박스 하나 더 있을줄 알았는데 이게 다네요ㅠ..","2022-01-20 17:54:27.000","2022-01-24 02:13:29.000","노랑","false","193549855","14418094","4.5",,"true","1","false","false","오늘의집 집돌이",,
"15619294","1038914","4072974","4","5","5","5","저희 거실이 그레이랑 블랙계열인데 노랑으로 포인트주니 너무 좋아요! 그리고 무선으로도 되는 점이 아주 굿!","2022-01-22 19:12:32.000","2022-01-23 23:33:38.000","노랑","false","194988330","14463275","4.75",,"true","0","false","false","오늘의집 집돌이",,
"15644711","1038914","1270690","4","5","5","5","노랑노랑~ 너무 귀여워요 ㅜㅠ 사실 밝기는 정말 은은하게 비추는 용도로만 사용할 수 있을 정도로 세지는 않지만 그거에 맞게 사용할 기회는 많을 듯 해요! 무선으로도 쓸 수 있는데 생각보다 꽤 오래가는 듯?!","2022-01-23 20:23:46.000","2022-01-23 20:23:46.000","노랑","false","193602135","14487356","4.75",,"true","0","false","false","오늘의집 집돌이",,
"15372765","1038914","5009101","5","5","4","5","옐로우사고싶었으나 다품절되어 와인으로샀지만와인도 이뻐요","2022-01-12 11:30:26.000","2022-01-23 20:18:31.000","와인","false","191489809","14223036","4.75",,"true","1","false","false","오늘의집 집돌이",,
"15626617","1038914","5520219","5","5","5","5","아기방에 노란색으로 포인트주고 싶었는데 저렴한 가격에 잘 샀어요:)
조명이 밝지는 않은데 어둠 속에서는 은은하게 비춰지는 조명이에요!","2022-01-22 23:45:49.000","2022-01-22 23:45:49.000","노랑","false","194993186","14471100","5.0",,"true","0","false","false","오늘의집 집돌이",,
"15622440","1038914","648632","5","5","5","5","로켓배송인줄 알았어요 ㅎㅎ
어제 주문 하자마자 오늘 바로 왔어요!
색감도 이쁘고 밝기 조절도되고 그냥 다 좋아요 ㅠㅠ","2022-01-22 21:04:20.000","2022-01-22 21:04:20.000","노랑","false","195075800","14465919","5.0",,"true","0","false","false","오늘의집 집돌이",,
"15612219","1038914","4324805","5","5","5","5","소라색 덕후에게는 안살수 없는 제품 ㅎㅎㅎ 배송 오래걸릴줄 알았는데 바로와서 좋았어요 ㅎㅎ 색상 너무이쁘고 오마쥬제품이지만 너무 만족합니다.","2022-01-22 14:24:55.000","2022-01-22 14:24:55.000","소라","false","195003575","14457426","5.0",,"true","0","false","false","오늘의집 집돌이",,
"15606960","1038914","4163671","4","5","5","5","조금 장난감같은 너낌이 있긴한데 이뽀요 😛!
모듈선반위에 올리려구 샀는데 아직 안와서ㅜㅜ
모듈선반위에 올리면 더 이쁠것가타용","2022-01-22 09:32:13.000","2022-01-22 09:32:13.000","노랑","false","194752509","14452791","4.75",,"true","0","false","false","오늘의집 집돌이",,
"15603301","1038914","3775062","4","4","4","4","예쁘고 
잘때 켜고자기 딱 적당한 밝기예요","2022-01-21 23:36:11.000","2022-01-21 23:36:11.000","노랑","false","193963865","14449120","4.0",,"true","0","false","false","오늘의집 집돌이",,
"15432854","1038914","1629961","5","5","5","5","노랑색을 정말 좋아하는데,, 맘에들어요

터치고 조명색을 선택할 수 있어서 좋아요
밝기 조절까지 된다면 아주 좋을 것 같아요!!","2022-01-14 16:49:22.000","2022-01-21 17:05:45.000","플라워팟 조명 (노랑)","false","177593971","14280627","5.0",,"true","1","false","false","오늘의집 집돌이",,
"15587909","1038914","1131957","5","5","5","5","그냥 디자인이 너무 영롱 귀염 뽀짝 맘에들어요ㅠㅠ","2022-01-21 12:44:14.000","2022-01-21 13:14:25.000","흰색","false","194132532","14434631","5.0",,"true","1","false","false","오늘의집 집돌이",,
"15586556","1038914","2688646","5","5","5","5","넘 귀염뽀짝 하네용! 귀여워요ㅎㅎ 잘 받았습니다","2022-01-21 11:25:40.000","2022-01-21 11:25:40.000","노랑","false","193408761","14433187","5.0",,"true","0","false","false","오늘의집 집돌이",,
"15222457","1038914","16045379","5","5","5","5","아직 충전중이라 미사용이지만 색도 이쁘고 귀여워요","2022-01-05 17:52:52.000","2022-01-21 07:31:15.000","노랑","false","189450493","14074909","5.0",,"true","1","false","false","오늘의집 집돌이",,
"15565645","1038914","2419671","5","5","5","1","인기가 많아서 너무 오래 기다렸지만 너무 예뻐요ㅠㅠ","2022-01-20 12:41:28.000","2022-01-20 12:41:28.000","노랑","false","189572353","14411015","4.0",,"true","0","false","false","오늘의집 집돌이",,
"15556693","1038914","14239983","5","3","4","5","노란색 구매했는데 기대한것처럼 색이 팟하고 귀여워요! 크기가 크지는 않지만 그래도 무선으로 쓸수있어서 좋고 조명 색도 흰색 노란색 바꿀수있어서 좋아요. 좋은 디자인 아이템인가 같습니다","2022-01-19 22:19:52.000","2022-01-19 22:19:52.000","노랑","false","194081801","14402240","4.25",,"true","0","false","false","오늘의집 집돌이",,
"15553859","1038914","4500510","5","5","5","5","총알 배송 입니다 . 옐로우 포인트로 이쁘네요 ^^ 생각보다 좀 작습니다 .","2022-01-19 20:45:30.000","2022-01-19 20:45:30.000","노랑","false","194310382","14398970","5.0",,"true","0","false","false","오늘의집 집돌이",,
"15542398","1038914","4614869","4","5","3","4","생각보다 배송이 빨랐고 흰색이랑 노랑 중에 고민하다가 결국 소라색으로했는데 너무 맘에들어용!!","2022-01-19 11:58:32.000","2022-01-19 11:58:32.000","소라","false","193385238","14387300","4.0",,"true","0","false","false","오늘의집 집돌이",,
"15537710","1038914","1845124","5","5","5","5","거실에 놓으니 딱이네요 ㅎㅎ 너무 귀여워요 ! ","2022-01-19 01:31:44.000","2022-01-19 01:31:44.000","노랑","false","193868929","14383176","5.0",,"true","0","false","false","오늘의집 집돌이",,
"15535521","1038914","6146085","5","5","5","5","무광 블랙이 멋스럽네요 ㅎㅎ 터치식도 간편하고 충전도 쉽고요.! 다만 충전중 표시가 뜨면 좋겠네요 ㅎㅎ 잘 쓰겠습니다 ","2022-01-18 23:28:51.000","2022-01-18 23:28:51.000","검정","false","193268669","14380003","5.0",,"true","0","false","false","오늘의집 집돌이",,
"15532627","1038914","6652606","4","4","4","4","노란색 조면 특이해서 샀는데
직접 받아보니까 더 귀엽네요~","2022-01-18 21:54:18.000","2022-01-18 21:54:18.000","노랑","false","190275677","14376720","4.0",,"true","0","false","false","오늘의집 집돌이",,
"15527455","1038914","13970756","5","5","5","5","맘에드는 칼라가 다품절이라 와인을 시키긴했는데
생각보다 이뻐서 놀랬어영 ~ 밝기 조절도 되고 
분위기 업 되는거 같아영 ❤️","2022-01-18 18:40:45.000","2022-01-18 18:40:45.000","와인","false","191162467","14371952","5.0",,"true","0","false","false","오늘의집 집돌이",,
"15516970","1038914","15550797","3","3","3","3","무선사영가믄하거 밝아서쥴아오 추천해요","2022-01-18 08:28:21.000","2022-01-18 08:28:21.000","플라워팟 조명 (노랑)","false","186372981","14360837","3.0",,"true","0","false","false","오늘의집 집돌이",,
"15203051","1038914","7311877","5","5","5","5","노란 조명이 포인트가 되네요!! 너무 예쁩니다","2022-01-04 21:50:18.000","2022-01-18 04:59:21.000","노랑","false","189744950","14056214","5.0",,"true","0","false","false","오늘의집 집돌이",,
"15171901","1038914","7517351","4","5","5","5","침대 협탁이 아직 도착하지 않아서 사용하지는 못했지만 디자인도 예쁘고 배송도 하루만에 안전하게 도착했어요:)","2022-01-03 13:15:43.000","2022-01-18 02:30:37.000","흰색","false","189182110","14023791","4.75",,"true","1","false","false","오늘의집 집돌이",,
"15510342","1038914","5389438","5","5","5","5","예쁨니당 완전 마음에 쏘옥 들어요 💙
소라색 짱 예 ~~~ 
밝기는 좀 약하지만 
솔직히
조명 디자인 보고 산거라 전 대만족입니당","2022-01-17 20:36:53.000","2022-01-17 20:36:53.000","플라워팟 조명 (소라)","false","187893478","14353280","5.0",,"true","0","false","false","오늘의집 집돌이",,
"14891355","1038914","2883665","1","5","4","3","제품 참 예뻐요

제 상품이 불량인지
길게 누르면 밝기가 어두워지고 잠시 후, 다른색으로 밝게 계속 변해요. 그리고 한동안 정상작동 안됨

어둡게 사용하지 않을거고 중국제품 받아서 배송 보내는것 같은데 교환해도 비슷하지 않을까 싶어 그냥 사용합니다.
","2021-12-21 18:22:56.000","2022-01-17 20:08:43.000","플라워팟 조명 (검정)","false","185875057","13753044","3.25",,"true","0","false","false","오늘의집 집돌이",,
"15461266","1038914","7834783","3","4","2","3","불빛이 많이 밝지는 않아서 조금 실망스럽고 크기도 좀 작아요 하지만 노랑노랑하고 모양이 너무 귀엽네요","2022-01-15 19:18:54.000","2022-01-15 19:18:54.000","노랑","false","189790949","14306026","3.0",,"true","0","false","false","오늘의집 집돌이",,
"15320284","1038914","5824780","4","4","4","4","색이 다했네요. 너무 이쁨. 크기는 좀 작은편이고 빛이 퍼지지않고 아랫쪽으로 모아져요","2022-01-09 21:09:04.000","2022-01-09 21:09:05.000","플라워팟 조명 (연분홍)","false","188581565","14167341","4.0",,"true","0","false","false","오늘의집 집돌이",,
"15318257","1038914","2789905","5","5","5","5","너무너무 예쁘고 맘에들어요
노란색이 포인트되고 조명빛도 여러가지로 사용할수 있습니다
","2022-01-09 20:00:54.000","2022-01-09 20:00:54.000","노랑","false","189343079",,"5.0",,"true","0","false","false","오늘의집 집돌이",,
"15307633","1038914","976711","5","5","5","5","품절난 노랑색살려구 대기탓다가 뜨자마자 바로삿어요. 포인트주기딱입니다. 다른색도 또사고싶어요. 무선이라 더좋아요","2022-01-09 13:15:22.000","2022-01-09 13:15:22.000","노랑","false","189460998","14156450","5.0",,"true","0","false","false","오늘의집 집돌이",,
"15271777","1038914","8090969","5","5","5","5","생각보다 좋네요ㅋ
애들 재우고 야식먹기 딱 좋아요^^","2022-01-07 19:00:25.000","2022-01-07 19:00:25.000","플라워팟 조명 (연분홍)","false","181487300","14122127","5.0",,"true","0","false","false","오늘의집 집돌이",,
"15242959","1038914","2615326","4","5","5","5","무선이 가능해서 더 좋고
조명 컬러가 바뀌어서 만족스럽습니다 ㅎㅎ
그런데 묘하게 기우뚱 한 느낌이에요","2022-01-06 15:11:21.000","2022-01-06 15:11:21.000","흰색","false","189932875","14092694","4.75",,"true","0","false","false","오늘의집 집돌이",,
"15203721","1038914","3910787","5","5","5","5","동생에게 선물로 사줬는데 엄청 만족하네요ㅋㅋㅋ
색상 바뀌는건 몰랐다면서 좋아하더라구용
판매자님도 친절하시고 배송이 진짜 빨라요!! 
하루만에 칼배송 감사합니다^^","2022-01-04 22:10:22.000","2022-01-04 22:10:22.000","노랑","false","190204338","14057009","5.0",,"true","0","false","false","오늘의집 집돌이",,
"15199832","1038914","1430064","5","5","5","5","아이책상에 해줬어요 빛 약하지만 너무 이뻐요","2022-01-04 20:05:48.000","2022-01-04 20:05:48.000","노랑","false","189727716","14052863","5.0",,"true","0","false","false","오늘의집 집돌이",,
"15181390","1038914","712331","5","5","5","5","완전 이뽀용!!
인테리어 포인트도 되고 충전식이라 선없이 조명도 켤수있어서 좋네요!
색도 쨍한 노란색이라 맘에 들어오요","2022-01-03 21:42:01.000","2022-01-03 21:42:01.000","노랑","false","189409936","14034170","5.0",,"true","0","false","false","오늘의집 집돌이",,
"15169943","1038914","591016","4","5","4","4","인기제품이라 그런지 재입고 후 늦게 받았지만 만족합니다~","2022-01-03 11:26:58.000","2022-01-03 11:26:58.000","플라워팟 조명 (노랑)","false","186963566","14022271","4.25",,"true","0","false","false","오늘의집 집돌이",,
"15166866","1038914","16370252","5","5","5","5","포인트가 되는 노랑조명이에요. 디자인이 독특하면서도 모던하고, 모듈 선반과 아주 잘 어울립니다. 무선인 점도 편리해요! ","2022-01-03 01:56:25.000","2022-01-03 01:56:25.000","추가상품 - 5V 3.6A 어댑터","false","186767287",,"5.0",,"true","0","false","false","오늘의집 집돌이",,
"15147635","1038914","15341765","5","5","5","5","너무 좋네요
다른 칼라도 구매하고 싶어요","2022-01-02 11:45:55.000","2022-01-02 11:45:55.000","플라워팟 조명 (흰색)","false","187396833","14002202","5.0",,"true","0","false","false","오늘의집 집돌이",,
"15121158","1038914","5308925","4","5","4","5","디자인예뻐요   충전식이라 편하네요 맘에들어요","2021-12-31 19:44:51.000","2021-12-31 19:44:51.000","흰색","false","189292873","13978987","4.5",,"true","0","false","false","오늘의집 집돌이",,
"15085431","1038914","2335384","5","5","5","5","오자마자 테스트 해봤습니다.
괜찮네요^^
다른색상도 사고싶습니다","2021-12-29 23:27:11.000","2021-12-29 23:27:11.000","플라워팟 조명 (흰색)","false","188795494","13940258","5.0",,"true","0","false","false","오늘의집 집돌이",,
"15075549","1038914","7847169","5","5","5","4","침대 옆 무드등으로 구입했어요. 디자인이 맘에들어 구입했는데  나름 쓸만하네요","2021-12-29 16:20:25.000","2021-12-29 16:20:25.000","추가상품 - 5V 3.6A 어댑터","false","185434945","13929414","4.75",,"true","0","false","false","오늘의집 집돌이",,
"15057607","1038914","16315533","3","5","3","5","귀여워요~ 근데 터치버튼이 살짝 내구성이 떨어지는거 같아서 아쉽네요~~","2021-12-28 21:31:53.000","2021-12-28 21:31:53.000","플라워팟 조명 (흰색)","false","188100962","13912510","4.0",,"true","0","false","false","오늘의집 집돌이",,
"15054718","1038914","8887337","5","5","5","5","되게 귀여워요 조명도 조절할 수 있어서 좋아요","2021-12-28 19:45:05.000","2021-12-28 19:45:06.000","플라워팟 조명 (흰색)","false","188273185","13909981","5.0",,"true","0","false","false","오늘의집 집돌이",,
"15043908","1038914","7090810","5","5","5","5","흰색입고되길 오래오래 기다리고샀어요

생각보다 작긴한데 귀여오요 무선이여서 편하구","2021-12-28 10:12:47.000","2021-12-28 10:12:47.000","플라워팟 조명 (흰색)","false","182179375","13898757","5.0",,"true","0","false","false","오늘의집 집돌이",,
"15040818","1038914","15698454","4","5","5","5","아주 이쁘고 좋아요 인테리어도 짱입니다","2021-12-28 00:51:25.000","2021-12-28 00:51:25.000","플라워팟 조명 (노랑)","false","170985522","13896106","4.75",,"true","0","false","false","오늘의집 집돌이",,
"15031282","1038914","5841243","5","5","5","5","핑크 귀여워요 배송도빠르구요^^ 좋습니다","2021-12-27 17:21:43.000","2021-12-27 17:21:43.000","플라워팟 조명 (연분홍)","false","188040078","13884590","5.0",,"true","0","false","false","오늘의집 집돌이",,
"15023914","1038914","8953115","5","5","5","5","작고 귀여워요 ㅎ ㅎ 저렴한 가격에 잘 샀습니다!","2021-12-27 12:14:25.000","2021-12-27 12:14:25.000","플라워팟 조명 (흰색)","false","186589813","13860603","5.0",,"true","0","false","false","오늘의집 집돌이",,
"14968106","1038914","371375","5","5","5","5","귀엽고 밝기조절도 가능해서 유용합니닷","2021-12-24 16:04:26.000","2021-12-24 16:04:26.000","플라워팟 조명 (흰색)","false","187032307","13824829","5.0",,"true","0","false","false","오늘의집 집돌이",,
"14943215","1038914","9266662","1","3","3","5","

밝기조절이 3단 밝기조절안되고 고정이 안되고 조명색이 바뀌다 꺼져요..;; 불량이네요.. 환불해주세요 번거롭네요..","2021-12-23 16:23:22.000","2021-12-24 13:00:08.000","추가상품 - 5V 3.6A 어댑터","false","187344386","13800902","3.0",,"true","0","false","false","오늘의집 집돌이",,
"14958868","1038914","1705532","5","5","5","5","역시 무선은 채고임미다! 짱기여워용!","2021-12-24 09:27:07.000","2021-12-24 09:27:07.000","플라워팟 조명 (노랑)","false","181958307","13816218","5.0",,"true","0","false","false","오늘의집 집돌이",,
"14957624","1038914","1281049","4","5","5","2","작고 귀여워요! ㅎㅎ 근데 불빛이 아래로만 나와서 아무래도 좀 약하네요","2021-12-24 06:17:42.000","2021-12-24 06:17:42.000","플라워팟 조명 (노랑)","false","179164268","13814544","4.0",,"true","0","false","false","오늘의집 집돌이",,
"14957129","1038914","5407247","5","3","4","5","생각 보다 안 밝아요 .. 충전식인것도 좋긴 하지만 .. 디자인은 정말 귀여워요 ! 배송은 빨랐습니다 ..! ","2021-12-24 02:42:30.000","2021-12-24 02:42:30.000","플라워팟 조명 (흰색)","false","183965928","13814148","4.25",,"true","0","false","false","오늘의집 집돌이",,
"14948008","1038914","3887352","5","5","5","5","가구들이 너무 화이트 밖에 없어서 노랑구매해봤는데 포인트되고 너무이뻐요!!","2021-12-23 19:40:04.000","2021-12-23 19:40:04.000","플라워팟 조명 (노랑)","false","186420847","13805445","5.0",,"true","0","false","false","오늘의집 집돌이",,
"14946609","1038914","9446708","5","5","5","5","정말 기다리고 기다렸던 ㅠㅠㅠ 정말 이쁘네요 3 단 조절이 되어요! ","2021-12-23 18:34:16.000","2021-12-23 18:34:16.000","플라워팟 조명 (노랑)","false","186709281","13804041","5.0",,"true","0","false","false","오늘의집 집돌이",,
"14942133","1038914","8914272","5","4","4","5","완전 이뻐용 아빠 사드렸더니 조아하세여","2021-12-23 15:52:57.000","2021-12-23 15:52:57.000","플라워팟 조명 (노랑)","false","186660105","13799929","4.5",,"true","0","false","false","오늘의집 집돌이",,
"14808987","1038914","5144256","4","4","4","4","귀여워요. 근데 벷이 많이 약해요 너무 아쉽이쉽 ㅜㅜ 하지만 귀욥 귀엽","2021-12-18 11:47:55.000","2021-12-23 00:35:36.000","플라워팟 조명 (와인)","false","185174525","13673572","4.0",,"true","1","false","false","오늘의집 집돌이",,
"14919298","1038914","4059100","5","5","5","5","집 분위기에 딱 맞는 램프예요!!! 노란색 홀릭 ㅋㅋ 너무너무 이쁘고 좋아요! 품절이라 기다리고 잇는데 마침 떠서 바로 삿어오! 그러고 나서 또 바로 품절된거같더라구요 ㅎㅎ 넘 잘 사서 넘 좋습니다 감사합니다!","2021-12-22 19:03:09.000","2021-12-22 19:03:09.000","플라워팟 조명 (노랑)","false","186823097","13778779","5.0",,"true","0","false","false","오늘의집 집돌이",,
"14899637","1038914","4178010","5","4","5","4","가볍고 불빛도 바꿀수있어 맘에 들어요 !","2021-12-21 23:05:08.000","2021-12-21 23:05:08.000","플라워팟 조명 (노랑)","false","177619795",,"4.5",,"true","0","false","false","오늘의집 집돌이",,
"14894845","1038914","15049204","3","4","3","5","배송빠르네요 
박스포장으로 안전하게 배송되었구요 
귀엽고 예쁜데 불빛은 좀 약해요
충전 완충되면 알수 없어서 불편하네요","2021-12-21 20:44:40.000","2021-12-21 20:44:40.000","플라워팟 조명 (노랑)","false","186340721","13756210","3.75",,"true","0","false","false","오늘의집 집돌이",,
"14893923","1038914","7135275","5","5","5","5","너무 맘에들어요
집이 온통화이트라서 포인트를 주고싶었는데 딱이네요
1.2단은 너무 약하고3단해야 좀 환하네요","2021-12-21 20:14:48.000","2021-12-21 20:14:48.000","플라워팟 조명 (노랑)","false","186303851","13755340","5.0",,"true","0","false","false","오늘의집 집돌이",,
"14891603","1038914","5101387","5","5","5","5","재입고됐길래 얼릉샀어요 ㅎㅎㅎ 색이뻐용","2021-12-21 18:35:59.000","2021-12-21 18:35:59.000","플라워팟 조명 (노랑)","false","186567970","13753266","5.0",,"true","0","false","false","오늘의집 집돌이",,
"14231802","1038914","1638145","5","4","5","5","이쁘네요 ^^ 밝은 개나리
노랑이고 집안 분위기가 화사해집니다","2021-11-24 16:02:57.000","2021-12-21 11:27:26.000","플라워팟 조명 (노랑)","false","178084364","13120992","4.75",,"true","0","false","false","오늘의집 집돌이",,
"14882050","1038914","4342558","3","4","3","4","색감 너무 예뻐요. 생일선물로 받았습니다^^
기분이 좋아지는 노랑이예요. 무선이라 더 깔끔해요. ","2021-12-21 10:42:31.000","2021-12-21 10:42:31.000","플라워팟 조명 (노랑)","false","186561803","13742502","3.5",,"true","0","false","false","오늘의집 집돌이",,
"14865552","1038914","2444995","5","5","5","5","가격대비 좋아요 ! 인테리어분위기 에 한몫할것같아요 ","2021-12-20 14:51:10.000","2021-12-20 14:51:10.000","플라워팟 조명 (흰색)","false","185851188",,"5.0",,"true","0","false","false","오늘의집 집돌이",,
"14857556","1038914","7514978","5","5","5","5","배송도 빠르고 물건도 잘와서 잘쓰고 있습니다","2021-12-20 11:05:02.000","2021-12-20 11:05:02.000","플라워팟 조명 (노랑)","false","178986356",,"5.0",,"true","0","false","false","오늘의집 집돌이",,
"13784955","1038914","9103160","5","5","5","5","정말이쁩니다.더구매하고싶은데 품절이네요","2021-10-30 14:36:03.000","2021-12-19 23:00:25.000","플라워팟 조명 (흰색)","false","171435246",,"5.0",,"true","1","false","false","오늘의집 집돌이",,
"14833399","1038914","5750119","3","5","4","4","가성비 좋고 이쁜데 무선이라 너무 좋았는데 처음 충전후에 그날 밤새 끄면 켜지고 모드며 밝기도 마음대로 변경되고 그래서 안보이는 구석에 두고 자면서 좀 열받았었는데 ㅋㅋ 그렇게 하루 지나고 나서부턴 충전새로 하고 그래도 아무 문제없이 잘 기능합니다 ㅋ 불빛이 은은하게 조절되서 밤에 수면등처럼 사용하기에도 좋아요. 만족합니당ㅋㅋ 담에 다른색도 사보고싶어용","2021-12-19 12:27:32.000","2021-12-19 12:27:32.000","플라워팟 조명 (노랑)","false","178998345",,"4.0",,"true","0","false","false","오늘의집 집돌이",,
"14818097","1038914","9193635","5","5","5","5","불도잘들어오고 무선이여서도 너무좋아요","2021-12-18 18:05:37.000","2021-12-18 18:05:37.000","플라워팟 조명 (흰색)","false","185595624","13681705","5.0",,"true","0","false","false","오늘의집 집돌이",,
"14721325","1038914","3025999","4","5","4","5","선물해줬능데 사이즈도 귀엽고 좋습니다
무선이라 더 좋아용","2021-12-15 02:16:31.000","2021-12-15 02:16:31.000","플라워팟 조명 (노랑)","false","183246208","13593419","4.5",,"true","0","false","false","오늘의집 집돌이",,
"14137404","1038914","6053035","5","5","5","5","젤만족 터치편하고 무조건 사세요 ㅎㅎㄹ","2021-11-19 16:37:42.000","2021-12-13 19:41:41.000","플라워팟 조명 (소라)","false","176753998","13026172","5.0",,"true","0","false","false","오늘의집 집돌이",,
"14626326","1038914","1511764","5","5","5","5","충전형이라 무선으로 사용하기 편해요:)","2021-12-11 01:27:40.000","2021-12-11 01:27:40.000","플라워팟 조명 (노랑)","false","181945695",,"5.0",,"true","0","false","false","오늘의집 집돌이",,
"14620881","1038914","1471281","5","5","5","5","분위기 미쳤어요 진짜 고민하지마시구 사세여~~~~색상 너무 쩅한데 예뻐효~~^^","2021-12-10 20:58:20.000","2021-12-10 20:58:20.000","플라워팟 조명 (노랑)","false","175933786","13498044","5.0",,"true","0","false","false","오늘의집 집돌이",,
"14567135","1038914","6720802","5","5","5","5","ㄱㅅ귯 귯잘쓰겠습니다
실제로보면 더 이뻐요","2021-12-08 22:59:33.000","2021-12-08 22:59:33.000","플라워팟 조명 (노랑)","false","182795360",,"5.0",,"true","0","false","false","오늘의집 집돌이",,
"14217890","1038914","5532123","4","3","3","3","노랑이 없어서 소라 주문했어요~ 아쉽지만 예쁘네요","2021-11-23 22:19:11.000","2021-12-08 22:57:48.000","플라워팟 조명 (소라)","false","176513088","13107470","3.25",,"true","0","false","false","오늘의집 집돌이",,
"14564073","1038914","3427903","4","5","5","5","넘나리 귀여움요 인테리어 포인트 주기 좋은 조명이에요 
빛이 엄~청 밝은 편은 아닌데 그래도 만족","2021-12-08 21:28:13.000","2021-12-08 21:28:13.000","플라워팟 조명 (노랑)","false","182498350","13447796","4.75",,"true","0","false","false","오늘의집 집돌이",,
"14090252","1038914","251176","5","5","5","5","처음에 지감이 두둑해지면구매하려고 장바구니에 넣고 대기만하다 구매하려 보니 품절이 되어 있더라고요ㅠㅠ그래서 이번엔 질렀습니다..집에 이미 이보다 조금 긴 플라워팟 조명이 있어서 고민했는데 왜 고민했나 싶을 만큼 그만큼 맘에 들어요!","2021-11-17 11:35:35.000","2021-12-08 00:32:03.000","플라워팟 조명 (흰색)","false","175313592",,"5.0",,"true","1","false","false","오늘의집 집돌이",,
"14537699","1038914","2773908","5","5","5","5","가성비 짱이에요 예뻐요 또 구매의사 있습니다^^","2021-12-07 22:17:47.000","2021-12-07 22:17:47.000","플라워팟 조명 (노랑)","false","182185289","13422831","5.0",,"true","0","false","false","오늘의집 집돌이",,
"14409037","1038914","1930691","3","4","4","4","키가 조금 작아요. 귀엽지만 빛이 강하지 않고 무드등보다 어두워요.. 거의 디피용……","2021-12-02 19:11:22.000","2021-12-02 19:11:22.000","플라워팟 조명 (노랑)","false","178425670",,"3.75",,"true","0","false","false","오늘의집 집돌이",,
"14370383","1038914","6031386","5","5","4","5","가족들도 사고 싶다고 해서 기분 좋은 구매입니다 ㅎㅎ ㅎㅎ 너무 예뻐요 추천합니다 👏🏻👏🏻 노란색 완전 추천 ..","2021-12-01 11:51:38.000","2021-12-01 11:51:38.000","플라워팟 조명 (노랑)","false","175685375",,"4.75",,"true","0","false","false","오늘의집 집돌이",,
"14368431","1038914","15750984","5","5","5","5","색상 디쟈인 저렴한 가격으로 구매했네요~ 깔끔하니 너어무 조아횻","2021-12-01 10:28:57.000","2021-12-01 10:28:57.000","플라워팟 조명 (연분홍)","false","178976605",,"5.0",,"true","0","false","false","오늘의집 집돌이",,
"14364240","1038914","9236813","5","5","5","5","너무 예뻐요! 옐로우가 없어서 와인색으로 샀는데 색감 예쁘고 디자인도 앙증맞아요! 터치도 편하구요! 다만 빛이 조금 약해요. 어디에 놔도 잘 어울리고 넘 만족합니당","2021-12-01 00:28:27.000","2021-12-01 00:45:27.000","플라워팟 조명 (와인)","false","179621490","13257717","5.0",,"true","0","false","false","오늘의집 집돌이",,
"14338866","1038914","4680335","4","5","4","4","조명 맛집 •_• 너무너무 이뻐요
생각보다는 근데 사이쥬 좀 작아요!!","2021-11-29 21:58:58.000","2021-11-29 21:58:58.000","플라워팟 조명 (노랑)","false","170433861","13230860","4.25",,"true","0","false","false","오늘의집 집돌이",,
"14324614","1038914","10030390","5","5","5","5","넘 이쁘고 충전하고 오래가요.
집안의 모든 스탠드가 무선이었음","2021-11-29 01:09:20.000","2021-11-29 01:09:20.000","플라워팟 조명 (연분홍)","false","175869847","13214692","5.0",,"true","0","false","false","오늘의집 집돌이",,
"14319738","1038914","15768075","3","5","5","5","일단 귀엽고 무선이라 편리해요.
내구성은 좀 떨어지는 듯 하지만
가격대비 만족합니다. ^^","2021-11-28 21:29:06.000","2021-11-28 21:29:06.000","플라워팟 조명 (노랑)","false","178569299","13209798","4.5",,"true","0","false","false","오늘의집 집돌이",,
"14298317","1038914","260992","5","5","5","5","동생도 탐내해요 너무 귀여워요!!! 온오프 기능 관련 혼선이 잇어서 문의 여러번 햇는데 친절하게 상담해주셔서 좋앗어요^^","2021-11-27 20:48:43.000","2021-11-27 20:48:43.000","플라워팟 조명 (노랑)","false","177770385","13189782","5.0",,"true","0","false","false","오늘의집 집돌이",,
"14271631","1038914","4563533","4","5","5","5","선물했는데 되게 좋아하더라구요ㅎㅎ무선으로도 사용할 수 있어서 좋은것같아요~","2021-11-26 12:05:28.000","2021-11-26 12:05:28.000","플라워팟 조명 (노랑)","false","178411999",,"4.75",,"true","0","false","false","오늘의집 집돌이",,
"14247915","1038914","738110","4","4","4","5","생각했던 색깔보다 쨍한 노란색이였어요 ㅎㅎ
그 가격대 퀄리티정도로 보여요 ㅎㅎ 나름 만족합니다^^
밝기랑 3가지 종류의 조명으로 선택할수 있어서 좋아요 ~","2021-11-25 10:12:29.000","2021-11-26 11:53:32.000","플라워팟 조명 (노랑)","false","178612941","13161614","4.25",,"true","0","false","false","오늘의집 집돌이",,
"14268117","1038914","8553687","4","5","5","5","너무 예뻐요! 엄청 밝은 느낌은 아니지만 그래도 책읽기 무리 없습니다","2021-11-26 06:53:10.000","2021-11-26 06:53:10.000","플라워팟 조명 (노랑)","false","178731146","13158634","4.75",,"true","0","false","false","오늘의집 집돌이",,
"14241991","1038914","2018055","5","5","5","5","완전 귀여워요. 구리고 선이 없어 편합니다","2021-11-24 22:59:19.000","2021-11-24 22:59:19.000","플라워팟 조명 (노랑)","false","178328521","13132211","5.0",,"true","0","false","false","오늘의집 집돌이",,
"14020478","1038914","6641054","5","5","4","5","터치식이라 편합니다. 제가생각했던것보다 조금작은듯하긴한데 예쁜노란색이라 집안분위기가 살아나네요.배송도 엄청빨리왔네요 추천합니다","2021-11-13 14:21:48.000","2021-11-23 20:02:29.000","플라워팟 조명 (노랑)","false","175370780","12906635","4.75",,"true","0","false","false","오늘의집 집돌이",,
"14160993","1038914","5892673","4","5","4","4","흰색 구매했어요.디자인구성깔끔한게좋습니다","2021-11-20 22:48:26.000","2021-11-20 22:48:26.000","추가상품 - 5V 3.6A 어댑터","false","170498384","13050714","4.25",,"true","0","false","false","오늘의집 집돌이",,
"14137681","1038914","6053035","5","5","5","5","아너무 귀여운거 아닙니까 편하고 터치도","2021-11-19 16:56:57.000","2021-11-19 16:56:58.000","플라워팟 조명 (흰색)","false","175427255","13026582","5.0",,"true","0","false","false","오늘의집 집돌이",,
"14089649","1038914","2869273","5","5","5","5","귀여운게 넘 맘에들어요
다른컬러 또 사구싶네요.여러색 출시부탁해요","2021-11-17 10:56:45.000","2021-11-17 10:56:45.000","플라워팟 조명 (노랑)","false","176067595","12977128","5.0",,"true","0","false","false","오늘의집 집돌이",,
"14080478","1038914","8699210","5","5","5","5","매우맘에들어요. 무선조명이 갖고 싶었는데. 충전이랑 겸용운 안되는게 아쉽지만.","2021-11-16 21:14:05.000","2021-11-16 21:14:05.000","플라워팟 조명 (노랑)","false","176112432",,"5.0",,"true","0","false","false","오늘의집 집돌이",,
"14074917","1038914","8489788","4","5","4","5","귀엽고 견고해보여요
노랑색을 사고 싶었는데
품절이라 다른색으로
추가 주문해서 주방에
놓고 사용해야겠어요","2021-11-16 16:59:02.000","2021-11-16 16:59:02.000","플라워팟 조명 (와인)","false","176202449","12961893","4.5",,"true","0","false","false","오늘의집 집돌이",,
"13762139","1038914","4211157","5","5","5","5","아이방에 조명이 필요해서 구입했는데
너무 깜찍하고 색도예쁘고 맘에들어요.","2021-10-28 22:18:01.000","2021-11-12 04:05:24.000","플라워팟 조명 (노랑)","false","170995062","12648754","5.0",,"true","1","false","false","오늘의집 집돌이",,
"13738143","1038914","1856755","5","5","5","5","터치로 방식이라 좋아요~ 충전식 무선 사용가능한것도 너무좋아요 조금 높이가 높았으면하지만 찐을 사려면 비싼걸 이가격에 터치와 무선이라 만족합니다~","2021-10-27 16:44:10.000","2021-11-12 04:05:01.000","플라워팟 조명 (흰색)","false","171443535","12624175","5.0",,"true","1","false","false","오늘의집 집돌이",,
"13734491","1038914","1646191","5","5","5","5","가격대비 괜찮고, 디자인도 예뻐요 
밝기 조절 되는것도 좋네요","2021-10-27 13:12:02.000","2021-11-12 04:03:17.000","플라워팟 조명 (흰색)","false","171332127",,"5.0",,"true","1","false","false","오늘의집 집돌이",,
"13718122","1038914","8609060","4","4","5","4","가격도 저렴하고~디자인도 맘에들어요^^
택배도 빨리 도착해서 넘 좋았어요♡추천요","2021-10-26 15:52:52.000","2021-11-03 00:25:51.000","플라워팟 조명 (흰색)","false","171398832","12605394","4.25",,"true","0","false","false","오늘의집 집돌이",,
"13744267","1038914","3590253","5","5","5","5","노랑이 사고싶엏는데 품절이라ㅠㅠ
그래도 흰색도 이쁘네옹","2021-10-27 22:10:26.000","2021-10-27 22:10:26.000","플라워팟 조명 (흰색)","false","171235754",,"5.0",,"true","0","false","false","오늘의집 집돌이",,
